league,selection,min_edge,season,bets,profit_units,roi,hit_rate,avg_odds
Premier League,OVER25,0.03,TOTALE,703,-66.28,-0.09428165007112375,0.5220483641536273,1.7637980085348504
Premier League,OVER25,0.03,2122,101,-5.23,-0.05178217821782179,0.504950495049505,1.9120792079207922
Premier League,OVER25,0.03,2223,136,-16.650000000000002,-0.1224264705882353,0.49264705882352944,1.8136764705882353
Premier League,OVER25,0.03,2324,189,-9.040000000000001,-0.047830687830687835,0.5767195767195767,1.6846031746031744
Premier League,OVER25,0.03,2425,137,-23.85,-0.17408759124087592,0.49635036496350365,1.6954744525547445
Premier League,OVER25,0.03,2526,140,-11.510000000000002,-0.08221428571428573,0.5142857142857142,1.7821428571428573
Premier League,UNDER25,0.03,TOTALE,648,-76.94,-0.11873456790123456,0.3966049382716049,2.3129166666666667
Premier League,UNDER25,0.03,2122,104,-11.160000000000004,-0.10730769230769234,0.4230769230769231,2.183173076923077
Premier League,UNDER25,0.03,2223,138,-5.17,-0.03746376811594203,0.4782608695652174,2.1039130434782605
Premier League,UNDER25,0.03,2324,98,-30.91,-0.31540816326530613,0.2653061224489796,2.6511224489795917
Premier League,UNDER25,0.03,2425,145,-5.219999999999999,-0.03599999999999999,0.3931034482758621,2.5256551724137934
Premier League,UNDER25,0.03,2526,163,-24.479999999999997,-0.15018404907975458,0.39263803680981596,2.1800613496932515
Premier League,TUTTI,0.03,TOTALE,1351,-143.22000000000003,-0.10601036269430054,0.461880088823094,2.0271798667653593
Premier League,TUTTI,0.03,2122,205,-16.39,-0.07995121951219512,0.4634146341463415,2.0496097560975612
Premier League,TUTTI,0.03,2223,274,-21.82,-0.07963503649635037,0.4854014598540146,1.9598540145985401
Premier League,TUTTI,0.03,2324,287,-39.95,-0.13919860627177702,0.47038327526132406,2.014634146341463
Premier League,TUTTI,0.03,2425,282,-29.07,-0.10308510638297873,0.4432624113475177,2.122340425531915
Premier League,TUTTI,0.03,2526,303,-35.989999999999995,-0.11877887788778876,0.44884488448844884,1.9962046204620458
Serie A,OVER25,0.03,TOTALE,644,-29.360000000000003,-0.04559006211180125,0.4891304347826087,1.9937267080745342
Serie A,OVER25,0.03,2122,102,-6.919999999999997,-0.06784313725490193,0.5490196078431373,1.726470588235294
Serie A,OVER25,0.03,2223,102,-21.549999999999997,-0.21127450980392154,0.43137254901960786,1.903431372549019
Serie A,OVER25,0.03,2324,134,-7.25,-0.054104477611940295,0.47761194029850745,2.024253731343283
Serie A,OVER25,0.03,2425,154,-4.880000000000001,-0.031688311688311696,0.4935064935064935,2.024675324675324
Serie A,OVER25,0.03,2526,152,11.24,0.07394736842105264,0.4934210526315789,2.175394736842105
Serie A,UNDER25,0.03,TOTALE,752,36.129999999999995,0.04804521276595744,0.5398936170212766,1.972313829787234
Serie A,UNDER25,0.03,2122,131,13.96,0.10656488549618322,0.5114503816793893,2.2069465648854965
Serie A,UNDER25,0.03,2223,179,2.3599999999999994,0.013184357541899437,0.5251396648044693,1.9488268156424577
Serie A,UNDER25,0.03,2324,143,2.6199999999999974,0.018321678321678303,0.5244755244755245,1.9730769230769234
Serie A,UNDER25,0.03,2425,140,6.550000000000001,0.04678571428571429,0.5571428571428572,1.9173571428571425
Serie A,UNDER25,0.03,2526,159,10.64,0.0669182389937107,0.5786163522012578,1.8531446540880505
Serie A,TUTTI,0.03,TOTALE,1396,6.770000000000003,0.004849570200573068,0.5164756446991404,1.9821919770773637
Serie A,TUTTI,0.03,2122,233,7.04,0.030214592274678112,0.5278969957081545,1.996609442060086
Serie A,TUTTI,0.03,2223,281,-19.19,-0.06829181494661922,0.49110320284697506,1.9323487544483986
Serie A,TUTTI,0.03,2324,277,-4.6300000000000034,-0.016714801444043335,0.5018050541516246,1.9978339350180505
Serie A,TUTTI,0.03,2425,294,1.6699999999999986,0.005680272108843532,0.5238095238095238,1.9735714285714285
Serie A,TUTTI,0.03,2526,311,21.88,0.07035369774919614,0.5369774919614148,2.01064308681672
Bundesliga,OVER25,0.03,TOTALE,623,-35.60000000000001,-0.057142857142857155,0.5698234349919743,1.6846869983948636
Bundesliga,OVER25,0.03,2122,69,-6.700000000000004,-0.09710144927536238,0.5217391304347826,1.7604347826086957
Bundesliga,OVER25,0.03,2223,148,-6.980000000000002,-0.04716216216216218,0.5472972972972973,1.7574324324324322
Bundesliga,OVER25,0.03,2324,128,-1.5499999999999987,-0.01210937499999999,0.625,1.6099999999999999
Bundesliga,OVER25,0.03,2425,121,-13.569999999999999,-0.1121487603305785,0.5454545454545454,1.64900826446281
Bundesliga,OVER25,0.03,2526,157,-6.799999999999997,-0.04331210191082801,0.5859872611464968,1.6712101910828026
Bundesliga,UNDER25,0.03,TOTALE,448,-64.71000000000001,-0.1444419642857143,0.35044642857142855,2.59234375
Bundesliga,UNDER25,0.03,2122,89,-17.630000000000003,-0.19808988764044946,0.33707865168539325,2.537977528089888
Bundesliga,UNDER25,0.03,2223,80,-4.96,-0.062,0.3375,2.71025
Bundesliga,UNDER25,0.03,2324,107,-2.7900000000000027,-0.02607476635514021,0.411214953271028,2.578598130841122
Bundesliga,UNDER25,0.03,2425,103,-19.58,-0.19009708737864076,0.3592233009708738,2.5274757281553395
Bundesliga,UNDER25,0.03,2526,69,-19.75,-0.286231884057971,0.2753623188405797,2.643913043478261
Bundesliga,TUTTI,0.03,TOTALE,1071,-100.31,-0.09366013071895425,0.4780578898225957,2.064360410830999
Bundesliga,TUTTI,0.03,2122,158,-24.330000000000002,-0.1539873417721519,0.4177215189873418,2.1984177215189873
Bundesliga,TUTTI,0.03,2223,228,-11.94,-0.05236842105263158,0.47368421052631576,2.091754385964912
Bundesliga,TUTTI,0.03,2324,235,-4.340000000000002,-0.018468085106382984,0.5276595744680851,2.051021276595745
Bundesliga,TUTTI,0.03,2425,224,-33.15,-0.14799107142857143,0.45982142857142855,2.0529464285714285
Bundesliga,TUTTI,0.03,2526,226,-26.550000000000004,-0.11747787610619471,0.4911504424778761,1.9681858407079649
La Liga,OVER25,0.03,TOTALE,658,-21.650000000000006,-0.03290273556231004,0.46656534954407297,2.1539209726443773
La Liga,OVER25,0.03,2122,102,10.209999999999999,0.10009803921568626,0.5098039215686274,2.167941176470588
La Liga,OVER25,0.03,2223,111,-2.49,-0.022432432432432436,0.4774774774774775,2.1314414414414413
La Liga,OVER25,0.03,2324,134,-20.699999999999996,-0.15447761194029846,0.4253731343283582,2.123134328358209
La Liga,OVER25,0.03,2425,170,5.209999999999999,0.030647058823529406,0.48823529411764705,2.2134117647058824
La Liga,OVER25,0.03,2526,141,-13.880000000000003,-0.09843971631205675,0.4397163120567376,2.1190070921985815
La Liga,UNDER25,0.03,TOTALE,735,0.13000000000000256,0.0001768707482993232,0.5197278911564626,2.0156190476190474
La Liga,UNDER25,0.03,2122,114,5.869999999999999,0.051491228070175435,0.5614035087719298,1.8935964912280703
La Liga,UNDER25,0.03,2223,178,-3.149999999999999,-0.01769662921348314,0.5337078651685393,1.9052808988764045
La Liga,UNDER25,0.03,2324,167,-12.0,-0.0718562874251497,0.49101796407185627,2.0090419161676647
La Liga,UNDER25,0.03,2425,128,3.5300000000000007,0.027578125000000005,0.515625,2.14203125
La Liga,UNDER25,0.03,2526,148,5.880000000000003,0.03972972972972975,0.5067567567567568,2.140405405405405
La Liga,TUTTI,0.03,TOTALE,1393,-21.519999999999992,-0.015448671931083987,0.4946159368269921,2.0809475951184493
La Liga,TUTTI,0.03,2122,216,16.07999999999999,0.07444444444444441,0.5370370370370371,2.0231481481481484
La Liga,TUTTI,0.03,2223,289,-5.640000000000001,-0.019515570934256057,0.5121107266435986,1.9921453287197233
La Liga,TUTTI,0.03,2324,301,-32.7,-0.10863787375415283,0.46179401993355484,2.0598338870431894
La Liga,TUTTI,0.03,2425,298,8.739999999999998,0.029328859060402678,0.5,2.182751677852349
La Liga,TUTTI,0.03,2526,289,-7.999999999999996,-0.027681660899653963,0.4740484429065744,2.1299653979238755
Ligue 1,OVER25,0.03,TOTALE,597,-23.770000000000007,-0.039815745393634853,0.525963149078727,1.8538693467336684
Ligue 1,OVER25,0.03,2122,76,-4.03,-0.053026315789473685,0.4868421052631579,1.94
Ligue 1,OVER25,0.03,2223,158,-1.9000000000000012,-0.012025316455696211,0.5443037974683544,1.8374683544303798
Ligue 1,OVER25,0.03,2324,123,2.6700000000000004,0.021707317073170734,0.5447154471544715,1.8853658536585367
Ligue 1,OVER25,0.03,2425,141,-7.98,-0.056595744680851066,0.524822695035461,1.8426241134751769
Ligue 1,OVER25,0.03,2526,99,-12.529999999999998,-0.12656565656565655,0.5050505050505051,1.790808080808081
Ligue 1,UNDER25,0.03,TOTALE,598,-50.67000000000001,-0.08473244147157193,0.43812709030100333,2.184816053511706
Ligue 1,UNDER25,0.03,2122,153,-8.760000000000003,-0.05725490196078434,0.47058823529411764,2.0923529411764705
Ligue 1,UNDER25,0.03,2223,108,-20.200000000000003,-0.18703703703703706,0.37962962962962965,2.2474074074074073
Ligue 1,UNDER25,0.03,2324,119,-1.5000000000000018,-0.012605042016806737,0.4957983193277311,2.060420168067227
Ligue 1,UNDER25,0.03,2425,96,-19.080000000000002,-0.19875,0.3541666666666667,2.36375
Ligue 1,UNDER25,0.03,2526,122,-1.1299999999999994,-0.00926229508196721,0.45901639344262296,2.2259016393442623
Ligue 1,TUTTI,0.03,TOTALE,1195,-74.44,-0.0622928870292887,0.4820083682008368,2.019481171548117
Ligue 1,TUTTI,0.03,2122,229,-12.79,-0.055851528384279474,0.4759825327510917,2.0417903930131005
Ligue 1,TUTTI,0.03,2223,266,-22.1,-0.0830827067669173,0.4774436090225564,2.00390977443609
Ligue 1,TUTTI,0.03,2324,242,1.1699999999999982,0.004834710743801645,0.5206611570247934,1.9714462809917357
Ligue 1,TUTTI,0.03,2425,237,-27.060000000000002,-0.11417721518987342,0.45569620253164556,2.053713080168776
Ligue 1,TUTTI,0.03,2526,221,-13.66,-0.06180995475113122,0.4796380090497738,2.030995475113122
TUTTI,OVER25,0.03,TOTALE,3225,-176.66000000000003,-0.054778294573643416,0.5141085271317829,1.8907007751937985
TUTTI,OVER25,0.03,2122,450,-12.670000000000002,-0.02815555555555556,0.5155555555555555,1.9094666666666666
TUTTI,OVER25,0.03,2223,655,-49.57000000000001,-0.07567938931297712,0.5053435114503817,1.874534351145038
TUTTI,OVER25,0.03,2324,708,-35.87,-0.0506638418079096,0.5324858757062146,1.8532768361581922
TUTTI,OVER25,0.03,2425,723,-45.07000000000001,-0.062337482710926706,0.5076071922544951,1.9082987551867217
TUTTI,OVER25,0.03,2526,689,-33.47999999999999,-0.04859216255442669,0.5094339622641509,1.9138026124818577
TUTTI,UNDER25,0.03,TOTALE,3181,-156.06,-0.049060044011317194,0.4602326312480352,2.1789751650424396
TUTTI,UNDER25,0.03,2122,591,-17.72,-0.02998307952622673,0.4686971235194585,2.162504230118443
TUTTI,UNDER25,0.03,2223,683,-31.119999999999997,-0.04556368960468521,0.47291361639824303,2.105212298682284
TUTTI,UNDER25,0.03,2324,634,-44.580000000000005,-0.07031545741324922,0.45110410094637227,2.205946372239748
TUTTI,UNDER25,0.03,2425,612,-33.8,-0.05522875816993464,0.4444444444444444,2.2811764705882354
TUTTI,UNDER25,0.03,2526,661,-28.84,-0.04363086232980333,0.4629349470499244,2.149425113464448
TUTTI,TUTTI,0.03,TOTALE,6406,-332.72,-0.051938807368092414,0.48735560412113643,2.0338479550421478
TUTTI,TUTTI,0.03,2122,1041,-30.39,-0.029193083573487034,0.48895292987512007,2.0531219980787707
TUTTI,TUTTI,0.03,2223,1338,-80.69,-0.060306427503736916,0.48878923766816146,1.9922869955156952
TUTTI,TUTTI,0.03,2324,1342,-80.45,-0.05994783904619971,0.4940387481371088,2.019888226527571
TUTTI,TUTTI,0.03,2425,1335,-78.87,-0.05907865168539326,0.4786516853932584,2.0792359550561796
TUTTI,TUTTI,0.03,2526,1350,-62.32000000000001,-0.04616296296296297,0.4866666666666667,2.0291703703703705
Premier League,OVER25,0.05,TOTALE,576,-52.39,-0.09095486111111112,0.5208333333333334,1.7622569444444445
Premier League,OVER25,0.05,2122,82,-1.0700000000000016,-0.013048780487804898,0.524390243902439,1.8991463414634144
Premier League,OVER25,0.05,2223,114,-16.26,-0.14263157894736844,0.4824561403508772,1.7994736842105261
Premier League,OVER25,0.05,2324,161,-7.450000000000001,-0.046273291925465844,0.577639751552795,1.679565217391304
Premier League,OVER25,0.05,2425,105,-20.29,-0.19323809523809524,0.47619047619047616,1.7054285714285713
Premier League,OVER25,0.05,2526,114,-7.3199999999999985,-0.06421052631578945,0.5175438596491229,1.7957017543859648
Premier League,UNDER25,0.05,TOTALE,529,-52.669999999999995,-0.09956521739130433,0.4007561436672968,2.3299810964083174
Premier League,UNDER25,0.05,2122,80,-7.470000000000001,-0.09337500000000001,0.425,2.2185
Premier League,UNDER25,0.05,2223,117,-1.56,-0.013333333333333334,0.48717948717948717,2.121965811965812
Premier League,UNDER25,0.05,2324,76,-21.12,-0.27789473684210525,0.27631578947368424,2.659473684210526
Premier League,UNDER25,0.05,2425,123,-1.1399999999999966,-0.009268292682926801,0.3983739837398374,2.5303252032520325
Premier League,UNDER25,0.05,2526,133,-21.380000000000003,-0.16075187969924815,0.38345864661654133,2.2064661654135342
Premier League,TUTTI,0.05,TOTALE,1105,-105.06,-0.09507692307692307,0.4633484162895928,2.0340452488687784
Premier League,TUTTI,0.05,2122,162,-8.540000000000003,-0.05271604938271607,0.47530864197530864,2.056851851851852
Premier League,TUTTI,0.05,2223,231,-17.82,-0.07714285714285714,0.48484848484848486,1.9628138528138526
Premier League,TUTTI,0.05,2324,237,-28.570000000000004,-0.12054852320675107,0.4810126582278481,1.9937974683544302
Premier League,TUTTI,0.05,2425,228,-21.43,-0.09399122807017543,0.4342105263157895,2.1504385964912283
Premier League,TUTTI,0.05,2526,247,-28.7,-0.11619433198380566,0.44534412955465585,2.0168825910931174
Serie A,OVER25,0.05,TOTALE,535,-9.11,-0.01702803738317757,0.502803738317757,2.000411214953271
Serie A,OVER25,0.05,2122,85,-1.9599999999999984,-0.023058823529411746,0.5764705882352941,1.7256470588235295
Serie A,OVER25,0.05,2223,81,-13.540000000000003,-0.16716049382716053,0.4444444444444444,1.9162962962962964
Serie A,OVER25,0.05,2324,110,-3.450000000000002,-0.03136363636363638,0.4909090909090909,2.027272727272727
Serie A,OVER25,0.05,2425,124,-3.259999999999999,-0.02629032258064515,0.5,2.018951612903226
Serie A,OVER25,0.05,2526,135,13.100000000000001,0.09703703703703705,0.5037037037037037,2.184962962962963
Serie A,UNDER25,0.05,TOTALE,644,23.79,0.036940993788819876,0.532608695652174,1.983276397515528
Serie A,UNDER25,0.05,2122,116,8.559999999999999,0.07379310344827585,0.5,2.210948275862069
Serie A,UNDER25,0.05,2223,159,-0.6799999999999997,-0.0042767295597484255,0.5094339622641509,1.9629559748427667
Serie A,UNDER25,0.05,2324,113,9.370000000000003,0.08292035398230091,0.5575221238938053,1.9839823008849558
Serie A,UNDER25,0.05,2425,117,-0.3300000000000012,-0.0028205128205128307,0.5299145299145299,1.9294871794871793
Serie A,UNDER25,0.05,2526,139,6.869999999999999,0.049424460431654674,0.5683453237410072,1.8612230215827337
Serie A,TUTTI,0.05,TOTALE,1179,14.68,0.012451229855810009,0.5190839694656488,1.9910517387616622
Serie A,TUTTI,0.05,2122,201,6.6000000000000005,0.032835820895522394,0.5323383084577115,2.005721393034826
Serie A,TUTTI,0.05,2223,240,-14.22,-0.059250000000000004,0.4875,1.9472083333333332
Serie A,TUTTI,0.05,2324,223,5.919999999999998,0.026547085201793715,0.5246636771300448,2.005336322869955
Serie A,TUTTI,0.05,2425,241,-3.5900000000000016,-0.014896265560165982,0.5145228215767634,1.9755186721991702
Serie A,TUTTI,0.05,2526,274,19.970000000000002,0.07288321167883212,0.5364963503649635,2.0207299270072996
Bundesliga,OVER25,0.05,TOTALE,507,-38.92,-0.07676528599605523,0.5542406311637081,1.6992702169625247
Bundesliga,OVER25,0.05,2122,54,-8.47,-0.15685185185185185,0.48148148148148145,1.7735185185185187
Bundesliga,OVER25,0.05,2223,125,-4.6499999999999995,-0.0372,0.552,1.7626399999999995
Bundesliga,OVER25,0.05,2324,104,-2.1899999999999995,-0.0210576923076923,0.6153846153846154,1.6199038461538462
Bundesliga,OVER25,0.05,2425,101,-10.990000000000002,-0.10881188118811883,0.5445544554455446,1.665940594059406
Bundesliga,OVER25,0.05,2526,123,-12.62,-0.10260162601626016,0.5447154471544715,1.6967479674796746
Bundesliga,UNDER25,0.05,TOTALE,366,-61.620000000000005,-0.16836065573770492,0.33879781420765026,2.634672131147541
Bundesliga,UNDER25,0.05,2122,69,-20.2,-0.2927536231884058,0.2898550724637681,2.5991304347826087
Bundesliga,UNDER25,0.05,2223,67,-5.48,-0.08179104477611941,0.31343283582089554,2.79865671641791
Bundesliga,UNDER25,0.05,2324,90,-4.49,-0.04988888888888889,0.4111111111111111,2.5768888888888886
Bundesliga,UNDER25,0.05,2425,85,-13.450000000000001,-0.15823529411764709,0.3764705882352941,2.550823529411765
Bundesliga,UNDER25,0.05,2526,55,-18.0,-0.32727272727272727,0.2545454545454545,2.7036363636363636
Bundesliga,TUTTI,0.05,TOTALE,873,-100.54,-0.11516609392898053,0.4639175257731959,2.0914318442153492
Bundesliga,TUTTI,0.05,2122,123,-28.67,-0.23308943089430895,0.37398373983739835,2.2366666666666664
Bundesliga,TUTTI,0.05,2223,192,-10.13,-0.05276041666666667,0.46875,2.124166666666667
Bundesliga,TUTTI,0.05,2324,194,-6.6800000000000015,-0.03443298969072166,0.520618556701031,2.0638659793814433
Bundesliga,TUTTI,0.05,2425,186,-24.44,-0.1313978494623656,0.46774193548387094,2.0703225806451613
Bundesliga,TUTTI,0.05,2526,178,-30.62,-0.17202247191011236,0.4550561797752809,2.007865168539326
La Liga,OVER25,0.05,TOTALE,553,-6.580000000000005,-0.0118987341772152,0.47377938517179025,2.1688607594936706
La Liga,OVER25,0.05,2122,86,2.1900000000000013,0.02546511627906978,0.47674418604651164,2.167906976744186
La Liga,OVER25,0.05,2223,90,12.709999999999999,0.14122222222222222,0.5555555555555556,2.145111111111111
La Liga,OVER25,0.05,2324,108,-17.07,-0.15805555555555556,0.4166666666666667,2.145462962962963
La Liga,OVER25,0.05,2425,147,9.12,0.06204081632653061,0.4965986394557823,2.223877551020408
La Liga,OVER25,0.05,2526,122,-13.53,-0.1109016393442623,0.4344262295081967,2.1414754098360653
La Liga,UNDER25,0.05,TOTALE,609,1.8900000000000041,0.0031034482758620758,0.5188834154351396,2.0282594417077178
La Liga,UNDER25,0.05,2122,93,14.009999999999998,0.15064516129032257,0.6129032258064516,1.8847311827956992
La Liga,UNDER25,0.05,2223,148,-8.149999999999999,-0.05506756756756756,0.5135135135135135,1.9098648648648646
La Liga,UNDER25,0.05,2324,132,-5.169999999999999,-0.03916666666666666,0.5075757575757576,2.02030303030303
La Liga,UNDER25,0.05,2425,111,-2.9300000000000024,-0.026396396396396418,0.4864864864864865,2.1447747747747745
La Liga,UNDER25,0.05,2526,125,4.130000000000001,0.03304000000000001,0.496,2.18016
La Liga,TUTTI,0.05,TOTALE,1162,-4.6899999999999995,-0.0040361445783132525,0.4974182444061962,2.095172117039587
La Liga,TUTTI,0.05,2122,179,16.200000000000003,0.0905027932960894,0.547486033519553,2.020782122905028
La Liga,TUTTI,0.05,2223,238,4.559999999999999,0.01915966386554621,0.5294117647058824,1.9988235294117647
La Liga,TUTTI,0.05,2324,240,-22.240000000000006,-0.09266666666666669,0.4666666666666667,2.076625
La Liga,TUTTI,0.05,2425,258,6.189999999999999,0.023992248062015498,0.49224806201550386,2.1898449612403104
La Liga,TUTTI,0.05,2526,247,-9.399999999999999,-0.038056680161943315,0.46558704453441296,2.161052631578947
Ligue 1,OVER25,0.05,TOTALE,498,-32.28,-0.06481927710843374,0.5080321285140562,1.8646787148594375
Ligue 1,OVER25,0.05,2122,56,-4.710000000000001,-0.08410714285714287,0.4642857142857143,1.9492857142857143
Ligue 1,OVER25,0.05,2223,140,-2.4600000000000026,-0.01757142857142859,0.5357142857142857,1.8519285714285718
Ligue 1,OVER25,0.05,2324,104,-2.5100000000000007,-0.02413461538461539,0.5192307692307693,1.896346153846154
Ligue 1,OVER25,0.05,2425,123,-8.780000000000001,-0.07138211382113822,0.5121951219512195,1.8517886178861787
Ligue 1,OVER25,0.05,2526,75,-13.82,-0.18426666666666666,0.4666666666666667,1.8025333333333333
Ligue 1,UNDER25,0.05,TOTALE,492,-46.650000000000006,-0.09481707317073172,0.43089430894308944,2.2021341463414634
Ligue 1,UNDER25,0.05,2122,125,-10.280000000000001,-0.08224000000000001,0.456,2.1066400000000005
Ligue 1,UNDER25,0.05,2223,86,-19.86,-0.23093023255813952,0.36046511627906974,2.2665116279069766
Ligue 1,UNDER25,0.05,2324,97,-5.349999999999997,-0.0551546391752577,0.4742268041237113,2.068556701030928
Ligue 1,UNDER25,0.05,2425,85,-13.830000000000002,-0.1627058823529412,0.36470588235294116,2.3858823529411763
Ligue 1,UNDER25,0.05,2526,99,2.67,0.02696969696969697,0.47474747474747475,2.23989898989899
Ligue 1,TUTTI,0.05,TOTALE,990,-78.93,-0.07972727272727273,0.4696969696969697,2.032383838383838
Ligue 1,TUTTI,0.05,2122,181,-14.989999999999998,-0.08281767955801105,0.4585635359116022,2.0579558011049723
Ligue 1,TUTTI,0.05,2223,226,-22.320000000000004,-0.09876106194690268,0.4690265486725664,2.0096902654867255
Ligue 1,TUTTI,0.05,2324,201,-7.86,-0.0391044776119403,0.4975124378109453,1.979452736318408
Ligue 1,TUTTI,0.05,2425,208,-22.610000000000007,-0.10870192307692311,0.4519230769230769,2.0700480769230767
Ligue 1,TUTTI,0.05,2526,174,-11.150000000000002,-0.06408045977011495,0.47126436781609193,2.051379310344828
TUTTI,OVER25,0.05,TOTALE,2669,-139.28,-0.05218433870363432,0.5114275009366804,1.901386286998876
TUTTI,OVER25,0.05,2122,363,-14.019999999999998,-0.038622589531680435,0.509641873278237,1.9112396694214875
TUTTI,OVER25,0.05,2223,550,-24.200000000000003,-0.044000000000000004,0.5181818181818182,1.8782181818181818
TUTTI,OVER25,0.05,2324,587,-32.669999999999995,-0.05565587734241907,0.5281090289608177,1.8582793867120952
TUTTI,OVER25,0.05,2425,600,-34.20000000000001,-0.057000000000000016,0.505,1.9205999999999999
TUTTI,OVER25,0.05,2526,569,-34.19,-0.060087873462214406,0.4956063268892794,1.9417047451669593
TUTTI,UNDER25,0.05,TOTALE,2640,-135.26,-0.05123484848484848,0.4571969696969697,2.194219696969697
TUTTI,UNDER25,0.05,2122,483,-15.380000000000006,-0.03184265010351968,0.46790890269151136,2.1778467908902694
TUTTI,UNDER25,0.05,2223,577,-35.730000000000004,-0.06192374350086656,0.4610051993067591,2.123864818024264
TUTTI,UNDER25,0.05,2324,508,-26.759999999999998,-0.0526771653543307,0.46062992125984253,2.2156692913385827
TUTTI,UNDER25,0.05,2425,521,-31.68,-0.06080614203454894,0.43761996161228406,2.2930326295585415
TUTTI,UNDER25,0.05,2526,551,-25.71,-0.04666061705989111,0.4591651542649728,2.1690381125226863
TUTTI,TUTTI,0.05,TOTALE,5309,-274.54,-0.0517121868525146,0.48446035034846485,2.047003202109625
TUTTI,TUTTI,0.05,2122,846,-29.40000000000001,-0.0347517730496454,0.4858156028368794,2.0634515366430257
TUTTI,TUTTI,0.05,2223,1127,-59.93000000000001,-0.05317657497781722,0.4889086069210293,2.0039840283939663
TUTTI,TUTTI,0.05,2324,1095,-59.43,-0.05427397260273972,0.4968036529680365,2.024082191780822
TUTTI,TUTTI,0.05,2425,1121,-65.88000000000001,-0.05876895628902766,0.47368421052631576,2.093693131132917
TUTTI,TUTTI,0.05,2526,1120,-59.89999999999999,-0.053482142857142846,0.47767857142857145,2.0535446428571427
Premier League,OVER25,0.07,TOTALE,479,-50.3,-0.10501043841336116,0.511482254697286,1.7689352818371609
Premier League,OVER25,0.07,2122,66,-1.1200000000000006,-0.01696969696969698,0.5151515151515151,1.918333333333333
Premier League,OVER25,0.07,2223,98,-21.2,-0.21632653061224488,0.4387755102040816,1.8060204081632654
Premier League,OVER25,0.07,2324,133,-5.780000000000003,-0.04345864661654138,0.5789473684210527,1.681578947368421
Premier League,OVER25,0.07,2425,90,-17.32,-0.19244444444444445,0.4777777777777778,1.7053333333333336
Premier League,OVER25,0.07,2526,92,-4.88,-0.05304347826086957,0.5217391304347826,1.8107608695652175
Premier League,UNDER25,0.07,TOTALE,409,-48.760000000000005,-0.11921760391198045,0.38875305623471884,2.348728606356968
Premier League,UNDER25,0.07,2122,70,-3.75,-0.05357142857142857,0.44285714285714284,2.2209999999999996
Premier League,UNDER25,0.07,2223,96,-9.469999999999999,-0.09864583333333332,0.4375,2.152604166666667
Premier League,UNDER25,0.07,2324,56,-12.439999999999998,-0.22214285714285711,0.2857142857142857,2.7655357142857144
Premier League,UNDER25,0.07,2425,83,2.0700000000000007,0.024939759036144586,0.40963855421686746,2.5642168674698795
Premier League,UNDER25,0.07,2526,104,-25.17,-0.2420192307692308,0.34615384615384615,2.219326923076923
Premier League,TUTTI,0.07,TOTALE,888,-99.06,-0.11155405405405405,0.45495495495495497,2.0359797297297297
Premier League,TUTTI,0.07,2122,136,-4.870000000000001,-0.035808823529411775,0.47794117647058826,2.0741176470588236
Premier League,TUTTI,0.07,2223,194,-30.669999999999995,-0.1580927835051546,0.4381443298969072,1.9775257731958762
Premier League,TUTTI,0.07,2324,189,-18.220000000000006,-0.09640211640211643,0.49206349206349204,2.0027513227513225
Premier League,TUTTI,0.07,2425,173,-15.25,-0.08815028901734104,0.44508670520231214,2.1173988439306357
Premier League,TUTTI,0.07,2526,196,-30.05,-0.15331632653061225,0.42857142857142855,2.027551020408163
Serie A,OVER25,0.07,TOTALE,423,-9.09,-0.02148936170212766,0.5011820330969267,2.0056973995271865
Serie A,OVER25,0.07,2122,67,-1.559999999999999,-0.023283582089552224,0.582089552238806,1.7316417910447761
Serie A,OVER25,0.07,2223,61,-9.050000000000002,-0.14836065573770496,0.45901639344262296,1.8991803278688524
Serie A,OVER25,0.07,2324,85,-4.780000000000002,-0.056235294117647085,0.4823529411764706,2.0255294117647056
Serie A,OVER25,0.07,2425,94,-4.41,-0.04691489361702128,0.48936170212765956,2.0241489361702127
Serie A,OVER25,0.07,2526,116,10.71,0.09232758620689656,0.5,2.1905172413793106
Serie A,UNDER25,0.07,TOTALE,531,27.54,0.05186440677966102,0.5329566854990584,2.0017514124293783
Serie A,UNDER25,0.07,2122,98,10.39,0.10602040816326531,0.5102040816326531,2.241020408163265
Serie A,UNDER25,0.07,2223,134,-1.9900000000000002,-0.014850746268656718,0.5,1.9645522388059702
Serie A,UNDER25,0.07,2324,83,7.079999999999998,0.08530120481927708,0.5421686746987951,2.0112048192771086
Serie A,UNDER25,0.07,2425,98,1.2400000000000002,0.012653061224489798,0.5306122448979592,1.9427551020408163
Serie A,UNDER25,0.07,2526,118,10.819999999999999,0.09169491525423727,0.5847457627118644,1.8876271186440678
Serie A,TUTTI,0.07,TOTALE,954,18.45,0.019339622641509433,0.5188679245283019,2.0035010482180295
Serie A,TUTTI,0.07,2122,165,8.829999999999998,0.0535151515151515,0.5393939393939394,2.034181818181818
Serie A,TUTTI,0.07,2223,195,-11.040000000000003,-0.05661538461538463,0.48717948717948717,1.9441025641025642
Serie A,TUTTI,0.07,2324,168,2.299999999999997,0.013690476190476173,0.5119047619047619,2.0184523809523807
Serie A,TUTTI,0.07,2425,192,-3.1700000000000004,-0.01651041666666667,0.5104166666666666,1.9826041666666665
Serie A,TUTTI,0.07,2526,234,21.53,0.09200854700854702,0.5427350427350427,2.037777777777778
Bundesliga,OVER25,0.07,TOTALE,429,-39.55,-0.09219114219114219,0.5407925407925408,1.712004662004662
Bundesliga,OVER25,0.07,2122,44,-6.3999999999999995,-0.14545454545454545,0.4772727272727273,1.802727272727273
Bundesliga,OVER25,0.07,2223,110,-10.289999999999997,-0.09354545454545451,0.5181818181818182,1.769272727272727
Bundesliga,OVER25,0.07,2324,90,-3.5200000000000005,-0.03911111111111112,0.6,1.6288888888888888
Bundesliga,OVER25,0.07,2425,80,-7.759999999999999,-0.09699999999999999,0.55,1.672625
Bundesliga,OVER25,0.07,2526,105,-11.579999999999997,-0.11028571428571425,0.5333333333333333,1.7152380952380952
Bundesliga,UNDER25,0.07,TOTALE,291,-50.42,-0.17326460481099656,0.3333333333333333,2.673470790378007
Bundesliga,UNDER25,0.07,2122,58,-15.760000000000002,-0.2717241379310345,0.29310344827586204,2.614310344827586
Bundesliga,UNDER25,0.07,2223,55,-12.19,-0.22163636363636363,0.2545454545454545,2.8610909090909082
Bundesliga,UNDER25,0.07,2324,76,-3.129999999999999,-0.041184210526315775,0.40789473684210525,2.618157894736842
Bundesliga,UNDER25,0.07,2425,67,-7.8100000000000005,-0.11656716417910448,0.3880597014925373,2.6241791044776117
Bundesliga,UNDER25,0.07,2526,35,-11.53,-0.3294285714285714,0.2571428571428571,2.6911428571428573
Bundesliga,TUTTI,0.07,TOTALE,720,-89.97,-0.12495833333333334,0.45694444444444443,2.1005972222222224
Bundesliga,TUTTI,0.07,2122,102,-22.16,-0.2172549019607843,0.37254901960784315,2.2642156862745098
Bundesliga,TUTTI,0.07,2223,165,-22.48,-0.13624242424242425,0.4303030303030303,2.133212121212121
Bundesliga,TUTTI,0.07,2324,166,-6.649999999999999,-0.040060240963855416,0.5120481927710844,2.081807228915663
Bundesliga,TUTTI,0.07,2425,147,-15.570000000000002,-0.10591836734693878,0.47619047619047616,2.106326530612245
Bundesliga,TUTTI,0.07,2526,140,-23.11,-0.16507142857142856,0.4642857142857143,1.9592142857142858
La Liga,OVER25,0.07,TOTALE,455,3.189999999999996,0.007010989010989002,0.47912087912087914,2.184087912087912
La Liga,OVER25,0.07,2122,68,-1.4000000000000004,-0.020588235294117654,0.45588235294117646,2.171470588235294
La Liga,OVER25,0.07,2223,74,11.78,0.15918918918918917,0.5675675675675675,2.146486486486486
La Liga,OVER25,0.07,2324,80,-10.060000000000002,-0.12575000000000003,0.425,2.194875
La Liga,OVER25,0.07,2425,127,13.189999999999998,0.10385826771653542,0.5039370078740157,2.2587401574803145
La Liga,OVER25,0.07,2526,106,-10.32,-0.09735849056603774,0.44339622641509435,2.1208490566037734
La Liga,UNDER25,0.07,TOTALE,501,-2.0400000000000027,-0.004071856287425155,0.5109780439121756,2.0411377245508984
La Liga,UNDER25,0.07,2122,82,7.0699999999999985,0.08621951219512193,0.573170731707317,1.8973170731707318
La Liga,UNDER25,0.07,2223,120,-4.209999999999999,-0.03508333333333333,0.525,1.9056666666666666
La Liga,UNDER25,0.07,2324,111,-1.5799999999999994,-0.01423423423423423,0.5135135135135135,2.0411711711711713
La Liga,UNDER25,0.07,2425,89,-5.030000000000001,-0.05651685393258428,0.4606741573033708,2.1722471910112358
La Liga,UNDER25,0.07,2526,99,1.7100000000000009,0.01727272727272728,0.48484848484848486,2.2065656565656564
La Liga,TUTTI,0.07,TOTALE,956,1.1499999999999977,0.0012029288702928847,0.49581589958158995,2.1091736401673638
La Liga,TUTTI,0.07,2122,150,5.670000000000001,0.03780000000000001,0.52,2.0216
La Liga,TUTTI,0.07,2223,194,7.569999999999998,0.03902061855670102,0.5412371134020618,1.9975257731958762
La Liga,TUTTI,0.07,2324,191,-11.639999999999997,-0.06094240837696333,0.47643979057591623,2.1055497382198953
La Liga,TUTTI,0.07,2425,216,8.16,0.03777777777777778,0.4861111111111111,2.223101851851852
La Liga,TUTTI,0.07,2526,205,-8.609999999999998,-0.04199999999999999,0.4634146341463415,2.1622439024390245
Ligue 1,OVER25,0.07,TOTALE,386,-24.790000000000006,-0.06422279792746116,0.5051813471502591,1.8730829015544042
Ligue 1,OVER25,0.07,2122,42,-0.7399999999999998,-0.017619047619047614,0.5,1.9538095238095239
Ligue 1,OVER25,0.07,2223,106,0.4099999999999979,0.003867924528301867,0.5377358490566038,1.87188679245283
Ligue 1,OVER25,0.07,2324,82,-3.830000000000001,-0.046707317073170745,0.5121951219512195,1.8771951219512193
Ligue 1,OVER25,0.07,2425,105,-10.23,-0.09742857142857143,0.49523809523809526,1.864666666666667
Ligue 1,OVER25,0.07,2526,51,-10.399999999999999,-0.20392156862745095,0.45098039215686275,1.8198039215686272
Ligue 1,UNDER25,0.07,TOTALE,392,-45.94,-0.1171938775510204,0.4107142857142857,2.229821428571429
Ligue 1,UNDER25,0.07,2122,108,-7.3000000000000025,-0.06759259259259262,0.4537037037037037,2.110740740740741
Ligue 1,UNDER25,0.07,2223,66,-22.560000000000002,-0.34181818181818185,0.30303030303030304,2.3195454545454544
Ligue 1,UNDER25,0.07,2324,74,-8.48,-0.1145945945945946,0.43243243243243246,2.1133783783783784
Ligue 1,UNDER25,0.07,2425,67,-8.510000000000002,-0.12701492537313436,0.373134328358209,2.424179104477612
Ligue 1,UNDER25,0.07,2526,77,0.9099999999999997,0.011818181818181814,0.45454545454545453,2.2627272727272727
Ligue 1,TUTTI,0.07,TOTALE,778,-70.73,-0.09091259640102828,0.45758354755784064,2.0528277634961443
Ligue 1,TUTTI,0.07,2122,150,-8.039999999999996,-0.053599999999999974,0.4666666666666667,2.0667999999999997
Ligue 1,TUTTI,0.07,2223,172,-22.150000000000002,-0.12877906976744188,0.4476744186046512,2.0436627906976743
Ligue 1,TUTTI,0.07,2324,156,-12.310000000000002,-0.07891025641025642,0.47435897435897434,1.9892307692307691
Ligue 1,TUTTI,0.07,2425,172,-18.740000000000002,-0.10895348837209304,0.4476744186046512,2.0826162790697675
Ligue 1,TUTTI,0.07,2526,128,-9.489999999999998,-0.07414062499999999,0.453125,2.0862499999999997
TUTTI,OVER25,0.07,TOTALE,2172,-120.54,-0.055497237569060776,0.507366482504604,1.9092771639042356
TUTTI,OVER25,0.07,2122,287,-11.220000000000002,-0.039094076655052275,0.5087108013937283,1.9221951219512194
TUTTI,OVER25,0.07,2223,449,-28.35,-0.0631403118040089,0.5055679287305123,1.881336302895323
TUTTI,OVER25,0.07,2324,470,-27.970000000000006,-0.059510638297872356,0.5276595744680851,1.8551914893617023
TUTTI,OVER25,0.07,2425,496,-26.53,-0.05348790322580645,0.5020161290322581,1.935907258064516
TUTTI,OVER25,0.07,2526,470,-26.469999999999995,-0.0563191489361702,0.49361702127659574,1.9540638297872341
TUTTI,UNDER25,0.07,TOTALE,2124,-119.62,-0.056318267419962334,0.4500941619585687,2.2119774011299436
TUTTI,UNDER25,0.07,2122,416,-9.350000000000007,-0.022475961538461556,0.46634615384615385,2.188125
TUTTI,UNDER25,0.07,2223,471,-50.42,-0.1070488322717622,0.43736730360934184,2.1423142250530787
TUTTI,UNDER25,0.07,2324,400,-18.550000000000004,-0.04637500000000001,0.4525,2.25935
TUTTI,UNDER25,0.07,2425,404,-18.040000000000006,-0.04465346534653467,0.4405940594059406,2.3138366336633664
TUTTI,UNDER25,0.07,2526,433,-23.259999999999998,-0.053718244803695143,0.45496535796766746,2.1718706697459584
TUTTI,TUTTI,0.07,TOTALE,4296,-240.15999999999997,-0.055903165735567965,0.4790502793296089,2.058936219739292
TUTTI,TUTTI,0.07,2122,703,-20.570000000000004,-0.029260312944523477,0.48364153627311524,2.0795590327169275
TUTTI,TUTTI,0.07,2223,920,-78.77,-0.0856195652173913,0.4706521739130435,2.014945652173913
TUTTI,TUTTI,0.07,2324,870,-46.52,-0.053471264367816095,0.49310344827586206,2.0410114942528734
TUTTI,TUTTI,0.07,2425,900,-44.57,-0.049522222222222224,0.47444444444444445,2.1055555555555556
TUTTI,TUTTI,0.07,2526,903,-49.73,-0.055071982281284605,0.4750830564784053,2.0585049833887044
Premier League,OVER25,0.1,TOTALE,352,-44.37,-0.12605113636363635,0.5,1.7750568181818183
Premier League,OVER25,0.1,2122,45,2.5699999999999994,0.0571111111111111,0.5555555555555556,1.9024444444444444
Premier League,OVER25,0.1,2223,78,-19.95,-0.25576923076923075,0.4230769230769231,1.804615384615385
Premier League,OVER25,0.1,2324,108,-7.280000000000001,-0.06740740740740742,0.5648148148148148,1.6920370370370372
Premier League,OVER25,0.1,2425,61,-11.280000000000001,-0.18491803278688526,0.47540983606557374,1.7354098360655734
Premier League,OVER25,0.1,2526,60,-8.43,-0.14049999999999999,0.4666666666666667,1.830833333333333
Premier League,UNDER25,0.1,TOTALE,280,-37.459999999999994,-0.13378571428571426,0.375,2.399714285714286
Premier League,UNDER25,0.1,2122,51,-4.67,-0.09156862745098039,0.4117647058823529,2.311176470588235
Premier League,UNDER25,0.1,2223,61,-7.989999999999999,-0.13098360655737704,0.4098360655737705,2.1845901639344265
Premier League,UNDER25,0.1,2324,40,-9.45,-0.23625,0.275,2.8675
Premier League,UNDER25,0.1,2425,54,-1.2200000000000015,-0.022592592592592622,0.3888888888888889,2.6061111111111113
Premier League,UNDER25,0.1,2526,74,-14.129999999999997,-0.1909459459459459,0.36486486486486486,2.2345945945945944
Premier League,TUTTI,0.1,TOTALE,632,-81.83,-0.1294778481012658,0.44462025316455694,2.051803797468354
Premier League,TUTTI,0.1,2122,96,-2.1000000000000023,-0.021875000000000023,0.4791666666666667,2.1195833333333334
Premier League,TUTTI,0.1,2223,139,-27.94,-0.20100719424460434,0.4172661870503597,1.9713669064748205
Premier League,TUTTI,0.1,2324,148,-16.729999999999997,-0.11304054054054052,0.4864864864864865,2.0097297297297296
Premier League,TUTTI,0.1,2425,115,-12.499999999999996,-0.10869565217391301,0.43478260869565216,2.144260869565217
Premier League,TUTTI,0.1,2526,134,-22.56,-0.16835820895522388,0.41044776119402987,2.0538059701492535
Serie A,OVER25,0.1,TOTALE,304,-9.059999999999997,-0.02980263157894736,0.4967105263157895,2.014078947368421
Serie A,OVER25,0.1,2122,46,0.6800000000000015,0.014782608695652207,0.6086956521739131,1.7134782608695653
Serie A,OVER25,0.1,2223,40,-7.719999999999998,-0.19299999999999995,0.45,1.859
Serie A,OVER25,0.1,2324,65,-8.629999999999999,-0.13276923076923075,0.4461538461538462,2.0275384615384615
Serie A,OVER25,0.1,2425,70,-3.58,-0.05114285714285714,0.4857142857142857,2.0421428571428573
Serie A,OVER25,0.1,2526,83,10.19,0.12277108433734939,0.5060240963855421,2.2212048192771086
Serie A,UNDER25,0.1,TOTALE,389,37.989999999999995,0.09766066838046271,0.5501285347043702,2.0283290488431875
Serie A,UNDER25,0.1,2122,79,13.98,0.1769620253164557,0.5443037974683544,2.2450632911392403
Serie A,UNDER25,0.1,2223,95,-1.200000000000001,-0.012631578947368433,0.49473684210526314,1.9925263157894737
Serie A,UNDER25,0.1,2324,57,12.549999999999999,0.22017543859649122,0.5964912280701754,2.041754385964912
Serie A,UNDER25,0.1,2425,72,6.03,0.08375,0.5694444444444444,1.9586111111111109
Serie A,UNDER25,0.1,2526,86,6.629999999999998,0.07709302325581394,0.5697674418604651,1.9182558139534884
Serie A,TUTTI,0.1,TOTALE,693,28.930000000000003,0.04174603174603175,0.5266955266955267,2.022077922077922
Serie A,TUTTI,0.1,2122,125,14.66,0.11728,0.568,2.04944
Serie A,TUTTI,0.1,2223,135,-8.92,-0.06607407407407408,0.48148148148148145,1.9529629629629628
Serie A,TUTTI,0.1,2324,122,3.919999999999999,0.0321311475409836,0.5163934426229508,2.034180327868852
Serie A,TUTTI,0.1,2425,142,2.4499999999999975,0.017253521126760547,0.528169014084507,1.9997887323943664
Serie A,TUTTI,0.1,2526,169,16.820000000000004,0.09952662721893493,0.5384615384615384,2.067041420118343
Bundesliga,OVER25,0.1,TOTALE,296,-41.42,-0.13993243243243245,0.5135135135135135,1.711891891891892
Bundesliga,OVER25,0.1,2122,30,-6.999999999999999,-0.2333333333333333,0.43333333333333335,1.8133333333333332
Bundesliga,OVER25,0.1,2223,80,-10.129999999999999,-0.126625,0.4875,1.79575
Bundesliga,OVER25,0.1,2324,69,-1.1799999999999995,-0.01710144927536231,0.6086956521739131,1.639710144927536
Bundesliga,OVER25,0.1,2425,48,-4.140000000000001,-0.08625000000000001,0.5625,1.6347916666666666
Bundesliga,OVER25,0.1,2526,69,-18.970000000000002,-0.2749275362318841,0.4492753623188406,1.696376811594203
Bundesliga,UNDER25,0.1,TOTALE,188,-33.36,-0.1774468085106383,0.324468085106383,2.733351063829787
Bundesliga,UNDER25,0.1,2122,35,-11.440000000000001,-0.3268571428571429,0.2571428571428571,2.781428571428571
Bundesliga,UNDER25,0.1,2223,34,-7.1,-0.20882352941176469,0.2647058823529412,2.9423529411764706
Bundesliga,UNDER25,0.1,2324,58,-2.04,-0.03517241379310345,0.39655172413793105,2.662758620689655
Bundesliga,UNDER25,0.1,2425,42,-6.640000000000001,-0.15809523809523812,0.35714285714285715,2.6861904761904762
Bundesliga,UNDER25,0.1,2526,19,-6.139999999999999,-0.32315789473684203,0.2631578947368421,2.590526315789474
Bundesliga,TUTTI,0.1,TOTALE,484,-74.78,-0.15450413223140497,0.44008264462809915,2.1086570247933882
Bundesliga,TUTTI,0.1,2122,65,-18.439999999999998,-0.28369230769230763,0.3384615384615385,2.3346153846153848
Bundesliga,TUTTI,0.1,2223,114,-17.230000000000004,-0.15114035087719302,0.42105263157894735,2.137719298245614
Bundesliga,TUTTI,0.1,2324,127,-3.219999999999998,-0.0253543307086614,0.5118110236220472,2.106929133858267
Bundesliga,TUTTI,0.1,2425,90,-10.780000000000001,-0.11977777777777779,0.4666666666666667,2.1254444444444447
Bundesliga,TUTTI,0.1,2526,88,-25.11,-0.2853409090909091,0.4090909090909091,1.8894318181818186
La Liga,OVER25,0.1,TOTALE,324,-4.330000000000005,-0.013364197530864215,0.4691358024691358,2.1837037037037037
La Liga,OVER25,0.1,2122,45,-1.5199999999999996,-0.03377777777777777,0.4444444444444444,2.192222222222222
La Liga,OVER25,0.1,2223,48,5.370000000000001,0.11187500000000002,0.5625,2.1160416666666664
La Liga,OVER25,0.1,2324,51,-8.059999999999999,-0.1580392156862745,0.4117647058823529,2.1941176470588233
La Liga,OVER25,0.1,2425,94,5.359999999999996,0.05702127659574464,0.4787234042553192,2.2545744680851056
La Liga,OVER25,0.1,2526,86,-5.48,-0.06372093023255815,0.45348837209302323,2.133372093023256
La Liga,UNDER25,0.1,TOTALE,326,0.4200000000000035,0.0012883435582822192,0.5030674846625767,2.0949693251533743
La Liga,UNDER25,0.1,2122,55,-1.6200000000000003,-0.02945454545454546,0.4909090909090909,1.931454545454545
La Liga,UNDER25,0.1,2223,85,-2.5800000000000014,-0.030352941176470603,0.5176470588235295,1.9424705882352942
La Liga,UNDER25,0.1,2324,78,-5.719999999999999,-0.07333333333333332,0.48717948717948717,2.084230769230769
La Liga,UNDER25,0.1,2425,50,4.6,0.092,0.52,2.2921999999999993
La Liga,UNDER25,0.1,2526,58,5.740000000000002,0.09896551724137935,0.5,2.3179310344827586
La Liga,TUTTI,0.1,TOTALE,650,-3.910000000000001,-0.006015384615384617,0.48615384615384616,2.1391999999999998
La Liga,TUTTI,0.1,2122,100,-3.139999999999998,-0.03139999999999998,0.47,2.0488000000000004
La Liga,TUTTI,0.1,2223,133,2.790000000000001,0.020977443609022563,0.5338345864661654,2.005112781954887
La Liga,TUTTI,0.1,2324,129,-13.780000000000001,-0.10682170542635659,0.4573643410852713,2.1276744186046512
La Liga,TUTTI,0.1,2425,144,9.959999999999997,0.06916666666666665,0.4930555555555556,2.2676388888888885
La Liga,TUTTI,0.1,2526,144,0.2599999999999998,0.0018055555555555542,0.4722222222222222,2.2077083333333336
Ligue 1,OVER25,0.1,TOTALE,257,-41.81,-0.16268482490272373,0.45136186770428016,1.873852140077821
Ligue 1,OVER25,0.1,2122,23,-2.9299999999999997,-0.12739130434782608,0.43478260869565216,1.9508695652173909
Ligue 1,OVER25,0.1,2223,80,-3.9800000000000004,-0.04975,0.5125,1.871
Ligue 1,OVER25,0.1,2324,55,-2.049999999999999,-0.037272727272727256,0.5272727272727272,1.8359999999999999
Ligue 1,OVER25,0.1,2425,65,-16.99,-0.2613846153846154,0.4,1.8980000000000001
Ligue 1,OVER25,0.1,2526,34,-15.86,-0.4664705882352941,0.29411764705882354,1.8435294117647059
Ligue 1,UNDER25,0.1,TOTALE,268,-20.540000000000003,-0.07664179104477613,0.4216417910447761,2.2792910447761194
Ligue 1,UNDER25,0.1,2122,76,-6.2,-0.08157894736842106,0.4473684210526316,2.126315789473684
Ligue 1,UNDER25,0.1,2223,46,-14.200000000000003,-0.3086956521739131,0.30434782608695654,2.3967391304347827
Ligue 1,UNDER25,0.1,2324,51,-1.5800000000000003,-0.03098039215686275,0.47058823529411764,2.1262745098039217
Ligue 1,UNDER25,0.1,2425,45,-3.9400000000000004,-0.08755555555555557,0.37777777777777777,2.5308888888888887
Ligue 1,UNDER25,0.1,2526,50,5.380000000000001,0.10760000000000002,0.48,2.3334
Ligue 1,TUTTI,0.1,TOTALE,525,-62.35000000000001,-0.11876190476190478,0.4361904761904762,2.0808190476190473
Ligue 1,TUTTI,0.1,2122,99,-9.129999999999999,-0.0922222222222222,0.4444444444444444,2.0855555555555556
Ligue 1,TUTTI,0.1,2223,126,-18.18,-0.1442857142857143,0.4365079365079365,2.062936507936508
Ligue 1,TUTTI,0.1,2324,106,-3.630000000000001,-0.03424528301886793,0.5,1.9756603773584904
Ligue 1,TUTTI,0.1,2425,110,-20.93,-0.19027272727272726,0.39090909090909093,2.1569090909090907
Ligue 1,TUTTI,0.1,2526,84,-10.479999999999999,-0.12476190476190474,0.40476190476190477,2.1351190476190474
TUTTI,OVER25,0.1,TOTALE,1533,-140.99,-0.0919699934768428,0.487279843444227,1.9131898238747553
TUTTI,OVER25,0.1,2122,189,-8.200000000000001,-0.04338624338624339,0.5079365079365079,1.9171957671957673
TUTTI,OVER25,0.1,2223,326,-36.41,-0.11168711656441717,0.48466257668711654,1.8712576687116564
TUTTI,OVER25,0.1,2324,348,-27.199999999999996,-0.07816091954022987,0.5229885057471264,1.8406609195402297
TUTTI,OVER25,0.1,2425,338,-30.630000000000003,-0.09062130177514793,0.47633136094674555,1.9602958579881655
TUTTI,OVER25,0.1,2526,332,-38.55,-0.11611445783132529,0.45180722891566266,1.9801506024096385
TUTTI,UNDER25,0.1,TOTALE,1451,-52.95,-0.0364920744314266,0.4527911784975879,2.2526671261199174
TUTTI,UNDER25,0.1,2122,296,-9.950000000000001,-0.03361486486486487,0.4527027027027027,2.2311148648648653
TUTTI,UNDER25,0.1,2223,321,-33.07,-0.10302180685358256,0.43302180685358255,2.1742990654205605
TUTTI,UNDER25,0.1,2324,284,-6.239999999999998,-0.021971830985915486,0.45774647887323944,2.311725352112676
TUTTI,UNDER25,0.1,2425,263,-1.1700000000000035,-0.0044486692015209255,0.45627376425855515,2.3690874524714824
TUTTI,UNDER25,0.1,2526,287,-2.5199999999999996,-0.008780487804878048,0.46689895470383275,2.1974216027874562
TUTTI,TUTTI,0.1,TOTALE,2984,-193.94,-0.06499329758713136,0.47050938337801607,2.0782640750670236
TUTTI,TUTTI,0.1,2122,485,-18.150000000000006,-0.037422680412371144,0.4742268041237113,2.1087835051546393
TUTTI,TUTTI,0.1,2223,647,-69.48,-0.10738794435857806,0.45904173106646057,2.02160741885626
TUTTI,TUTTI,0.1,2324,632,-33.44,-0.05291139240506329,0.4936708860759494,2.0523417721518986
TUTTI,TUTTI,0.1,2425,601,-31.800000000000004,-0.052911813643926796,0.46755407653910147,2.1391846921797004
TUTTI,TUTTI,0.1,2526,619,-41.06999999999999,-0.06634894991922455,0.4588045234248788,2.0808885298869146
Premier League,OVER25,0.12,TOTALE,270,-35.75,-0.13240740740740742,0.4962962962962963,1.7761481481481485
Premier League,OVER25,0.12,2122,31,-0.3700000000000008,-0.011935483870967767,0.5161290322580645,1.9241935483870967
Premier League,OVER25,0.12,2223,60,-12.66,-0.211,0.45,1.7953333333333332
Premier League,OVER25,0.12,2324,90,-7.0,-0.07777777777777778,0.5555555555555556,1.7006666666666668
Premier League,OVER25,0.12,2425,43,-8.54,-0.1986046511627907,0.46511627906976744,1.7353488372093024
Premier League,OVER25,0.12,2526,46,-7.18,-0.15608695652173912,0.45652173913043476,1.837173913043478
Premier League,UNDER25,0.12,TOTALE,198,-17.06,-0.08616161616161616,0.3939393939393939,2.3824242424242428
Premier League,UNDER25,0.12,2122,38,-2.619999999999999,-0.0689473684210526,0.42105263157894735,2.3071052631578945
Premier League,UNDER25,0.12,2223,43,-4.760000000000001,-0.11069767441860466,0.4186046511627907,2.153720930232558
Premier League,UNDER25,0.12,2324,30,-6.16,-0.20533333333333334,0.3,2.8113333333333332
Premier League,UNDER25,0.12,2425,38,6.0200000000000005,0.15842105263157896,0.4473684210526316,2.6165789473684207
Premier League,UNDER25,0.12,2526,49,-9.54,-0.19469387755102038,0.3673469387755102,2.19734693877551
Premier League,TUTTI,0.12,TOTALE,468,-52.81,-0.11284188034188035,0.452991452991453,2.032649572649573
Premier League,TUTTI,0.12,2122,69,-2.99,-0.043333333333333335,0.463768115942029,2.135072463768116
Premier League,TUTTI,0.12,2223,103,-17.419999999999998,-0.16912621359223298,0.4368932038834951,1.9449514563106798
Premier League,TUTTI,0.12,2324,120,-13.159999999999998,-0.10966666666666665,0.49166666666666664,1.978333333333333
Premier League,TUTTI,0.12,2425,81,-2.5200000000000005,-0.031111111111111117,0.4567901234567901,2.1487654320987657
Premier League,TUTTI,0.12,2526,95,-16.72,-0.176,0.4105263157894737,2.0229473684210526
Serie A,OVER25,0.12,TOTALE,231,-1.1899999999999995,-0.005151515151515149,0.5021645021645021,2.0303896103896104
Serie A,OVER25,0.12,2122,35,0.26000000000000023,0.007428571428571435,0.6,1.7048571428571428
Serie A,OVER25,0.12,2223,26,-2.85,-0.10961538461538461,0.5,1.823076923076923
Serie A,OVER25,0.12,2324,47,-7.7,-0.16382978723404257,0.425531914893617,2.048297872340426
Serie A,OVER25,0.12,2425,53,-1.5200000000000007,-0.02867924528301888,0.49056603773584906,2.070188679245283
Serie A,OVER25,0.12,2526,70,10.620000000000001,0.15171428571428572,0.5142857142857142,2.2279999999999998
Serie A,UNDER25,0.12,TOTALE,307,23.740000000000002,0.07732899022801304,0.5342019543973942,2.04485342019544
Serie A,UNDER25,0.12,2122,73,10.920000000000002,0.14958904109589044,0.5342465753424658,2.2453424657534247
Serie A,UNDER25,0.12,2223,73,-3.3200000000000007,-0.045479452054794534,0.4794520547945205,2.0146575342465756
Serie A,UNDER25,0.12,2324,38,3.33,0.08763157894736842,0.5263157894736842,2.043684210526316
Serie A,UNDER25,0.12,2425,55,11.319999999999999,0.2058181818181818,0.6181818181818182,1.9558181818181817
Serie A,UNDER25,0.12,2526,68,1.4899999999999982,0.021911764705882325,0.5294117647058824,1.9347058823529413
Serie A,TUTTI,0.12,TOTALE,538,22.549999999999997,0.04191449814126393,0.5204460966542751,2.03864312267658
Serie A,TUTTI,0.12,2122,108,11.18,0.10351851851851851,0.5555555555555556,2.070185185185185
Serie A,TUTTI,0.12,2223,99,-6.17,-0.06232323232323232,0.48484848484848486,1.9643434343434343
Serie A,TUTTI,0.12,2324,85,-4.37,-0.05141176470588235,0.47058823529411764,2.046235294117647
Serie A,TUTTI,0.12,2425,108,9.799999999999999,0.09074074074074073,0.5555555555555556,2.0119444444444445
Serie A,TUTTI,0.12,2526,138,12.11,0.0877536231884058,0.5217391304347826,2.083478260869565
Bundesliga,OVER25,0.12,TOTALE,216,-33.29,-0.15412037037037038,0.5,1.71875
Bundesliga,OVER25,0.12,2122,21,-7.320000000000001,-0.34857142857142864,0.38095238095238093,1.7919047619047621
Bundesliga,OVER25,0.12,2223,65,-8.59,-0.13215384615384615,0.47692307692307695,1.804769230769231
Bundesliga,OVER25,0.12,2324,56,-2.3,-0.04107142857142857,0.5892857142857143,1.634642857142857
Bundesliga,OVER25,0.12,2425,29,-6.790000000000001,-0.2341379310344828,0.4827586206896552,1.6158620689655172
Bundesliga,OVER25,0.12,2526,45,-8.29,-0.1842222222222222,0.4888888888888889,1.7313333333333336
Bundesliga,UNDER25,0.12,TOTALE,137,-39.04,-0.284963503649635,0.2846715328467153,2.781094890510949
Bundesliga,UNDER25,0.12,2122,25,-12.57,-0.5028,0.16,2.9959999999999996
Bundesliga,UNDER25,0.12,2223,20,-8.530000000000001,-0.42650000000000005,0.2,3.0700000000000003
Bundesliga,UNDER25,0.12,2324,48,-7.45,-0.15520833333333334,0.3541666666666667,2.66
Bundesliga,UNDER25,0.12,2425,32,-6.5600000000000005,-0.20500000000000002,0.34375,2.6834375
Bundesliga,UNDER25,0.12,2526,12,-3.93,-0.3275,0.25,2.5966666666666662
Bundesliga,TUTTI,0.12,TOTALE,353,-72.33,-0.20490084985835694,0.4164305949008499,2.1310481586402266
Bundesliga,TUTTI,0.12,2122,46,-19.89,-0.4323913043478261,0.2608695652173913,2.4463043478260866
Bundesliga,TUTTI,0.12,2223,85,-17.12,-0.20141176470588237,0.4117647058823529,2.102470588235294
Bundesliga,TUTTI,0.12,2324,104,-9.75,-0.09375,0.4807692307692308,2.107884615384615
Bundesliga,TUTTI,0.12,2425,61,-13.35,-0.21885245901639344,0.4098360655737705,2.1759016393442625
Bundesliga,TUTTI,0.12,2526,57,-12.22,-0.2143859649122807,0.43859649122807015,1.913508771929825
La Liga,OVER25,0.12,TOTALE,254,7.399999999999998,0.029133858267716525,0.484251968503937,2.201062992125984
La Liga,OVER25,0.12,2122,40,-3.0600000000000005,-0.07650000000000001,0.425,2.20625
La Liga,OVER25,0.12,2223,37,6.829999999999999,0.18459459459459457,0.5945945945945946,2.1394594594594594
La Liga,OVER25,0.12,2324,44,-10.549999999999999,-0.23977272727272725,0.36363636363636365,2.2181818181818183
La Liga,OVER25,0.12,2425,74,11.709999999999999,0.15824324324324324,0.5135135135135135,2.2909459459459454
La Liga,OVER25,0.12,2526,59,2.4699999999999998,0.041864406779661016,0.5084745762711864,2.110677966101695
La Liga,UNDER25,0.12,TOTALE,253,-0.42999999999999794,-0.0016996047430829957,0.5019762845849802,2.1027272727272726
La Liga,UNDER25,0.12,2122,42,4.75,0.1130952380952381,0.5714285714285714,1.9197619047619046
La Liga,UNDER25,0.12,2223,66,2.740000000000001,0.04151515151515153,0.5454545454545454,1.9507575757575757
La Liga,UNDER25,0.12,2324,64,-12.97,-0.20265625,0.421875,2.1184375
La Liga,UNDER25,0.12,2425,37,1.4,0.03783783783783783,0.5135135135135135,2.2267567567567563
La Liga,UNDER25,0.12,2526,44,3.6500000000000012,0.08295454545454549,0.4772727272727273,2.3781818181818184
La Liga,TUTTI,0.12,TOTALE,507,6.969999999999999,0.013747534516765284,0.4930966469428008,2.151992110453649
La Liga,TUTTI,0.12,2122,82,1.6899999999999993,0.020609756097560966,0.5,2.0595121951219517
La Liga,TUTTI,0.12,2223,103,9.569999999999999,0.09291262135922329,0.5631067961165048,2.0185436893203885
La Liga,TUTTI,0.12,2324,108,-23.52,-0.21777777777777776,0.39814814814814814,2.159074074074074
La Liga,TUTTI,0.12,2425,111,13.109999999999998,0.11810810810810808,0.5135135135135135,2.2695495495495495
La Liga,TUTTI,0.12,2526,103,6.119999999999997,0.05941747572815532,0.49514563106796117,2.22495145631068
Ligue 1,OVER25,0.12,TOTALE,201,-42.84,-0.21313432835820897,0.4228855721393035,1.8758706467661692
Ligue 1,OVER25,0.12,2122,16,-0.26000000000000023,-0.016250000000000014,0.5,1.9718749999999998
Ligue 1,OVER25,0.12,2223,67,-5.359999999999999,-0.07999999999999999,0.4925373134328358,1.874029850746269
Ligue 1,OVER25,0.12,2324,41,-4.6000000000000005,-0.11219512195121953,0.4878048780487805,1.8273170731707318
Ligue 1,OVER25,0.12,2425,50,-20.099999999999998,-0.40199999999999997,0.32,1.9096000000000002
Ligue 1,OVER25,0.12,2526,27,-12.520000000000001,-0.46370370370370373,0.2962962962962963,1.8348148148148147
Ligue 1,UNDER25,0.12,TOTALE,204,-24.119999999999997,-0.11823529411764705,0.4019607843137255,2.3088725490196076
Ligue 1,UNDER25,0.12,2122,60,-8.23,-0.1371666666666667,0.4166666666666667,2.138833333333333
Ligue 1,UNDER25,0.12,2223,30,-7.5699999999999985,-0.2523333333333333,0.3333333333333333,2.490333333333333
Ligue 1,UNDER25,0.12,2324,41,-3.9800000000000004,-0.09707317073170733,0.43902439024390244,2.145609756097561
Ligue 1,UNDER25,0.12,2425,35,-6.040000000000001,-0.1725714285714286,0.34285714285714286,2.595714285714286
Ligue 1,UNDER25,0.12,2526,38,1.7000000000000004,0.044736842105263165,0.4473684210526316,2.3460526315789476
Ligue 1,TUTTI,0.12,TOTALE,405,-66.96,-0.1653333333333333,0.4123456790123457,2.093975308641975
Ligue 1,TUTTI,0.12,2122,76,-8.489999999999998,-0.11171052631578945,0.4342105263157895,2.103684210526316
Ligue 1,TUTTI,0.12,2223,97,-12.93,-0.13329896907216496,0.44329896907216493,2.0646391752577316
Ligue 1,TUTTI,0.12,2324,82,-8.580000000000002,-0.10463414634146344,0.4634146341463415,1.9864634146341462
Ligue 1,TUTTI,0.12,2425,85,-26.14,-0.3075294117647059,0.32941176470588235,2.1921176470588235
Ligue 1,TUTTI,0.12,2526,65,-10.82,-0.16646153846153847,0.38461538461538464,2.1336923076923076
TUTTI,OVER25,0.12,TOTALE,1172,-105.67,-0.09016211604095563,0.48293515358361777,1.9248720136518769
TUTTI,OVER25,0.12,2122,143,-10.75,-0.07517482517482517,0.48951048951048953,1.9353146853146854
TUTTI,OVER25,0.12,2223,255,-22.630000000000003,-0.0887450980392157,0.49411764705882355,1.8711764705882352
TUTTI,OVER25,0.12,2324,278,-32.15,-0.11564748201438849,0.5,1.846726618705036
TUTTI,OVER25,0.12,2425,249,-25.240000000000002,-0.10136546184738957,0.4578313253012048,1.9928112449799196
TUTTI,OVER25,0.12,2526,247,-14.899999999999999,-0.06032388663967611,0.47368421052631576,1.9937246963562756
TUTTI,UNDER25,0.12,TOTALE,1099,-56.91,-0.05178343949044586,0.445859872611465,2.2597816196542313
TUTTI,UNDER25,0.12,2122,238,-7.75,-0.032563025210084036,0.453781512605042,2.249747899159664
TUTTI,UNDER25,0.12,2223,232,-21.44,-0.09241379310344829,0.44396551724137934,2.174741379310345
TUTTI,UNDER25,0.12,2324,221,-27.23,-0.12321266968325792,0.4117647058823529,2.3223076923076924
TUTTI,UNDER25,0.12,2425,197,6.139999999999998,0.03116751269035532,0.4720812182741117,2.366040609137056
TUTTI,UNDER25,0.12,2526,211,-6.63,-0.0314218009478673,0.45023696682464454,2.1999052132701418
TUTTI,TUTTI,0.12,TOTALE,2271,-162.57999999999998,-0.07158960810215763,0.46499339498018494,2.086944077498899
TUTTI,TUTTI,0.12,2122,381,-18.5,-0.048556430446194225,0.4671916010498688,2.131732283464567
TUTTI,TUTTI,0.12,2223,487,-44.07,-0.09049281314168378,0.4702258726899384,2.0157905544147843
TUTTI,TUTTI,0.12,2324,499,-59.38000000000001,-0.11899799599198399,0.46092184368737477,2.0573547094188376
TUTTI,TUTTI,0.12,2425,446,-19.099999999999998,-0.04282511210762331,0.4641255605381166,2.157668161434978
TUTTI,TUTTI,0.12,2526,458,-21.530000000000005,-0.04700873362445416,0.462882096069869,2.0887117903930132
