target,league,selection,min_edge,min_odds,max_odds,bets,profit_units,roi,hit_rate,avg_odds,tested_seasons,positive_seasons,worst_season_roi
OU25,Greece Super League,OVER25,0.09,2.0,3.0,131,37.48,0.2861068702290076,0.5648854961832062,2.2883969465648852,3,3,0.1322222222222222
OU25,Greece Super League,OVER25,0.09,2.0,4.0,132,36.480000000000004,0.27636363636363637,0.5606060606060606,2.2942424242424244,3,3,0.1076086956521739
OU25,Greece Super League,OVER25,0.09,2.0,,132,36.480000000000004,0.27636363636363637,0.5606060606060606,2.2942424242424244,3,3,0.1076086956521739
OU25,Greece Super League,OVER25,0.07,2.0,2.5,145,38.099999999999994,0.2627586206896551,0.5655172413793104,2.233241379310345,3,3,0.07608695652173911
OU25,Greece Super League,OVER25,0.07,2.0,3.0,162,42.0,0.25925925925925924,0.5555555555555556,2.2764814814814818,3,3,0.07303571428571429
OU25,Greece Super League,OVER25,0.07,2.0,4.0,164,40.0,0.24390243902439024,0.5487804878048781,2.2871341463414634,3,3,0.03603448275862067
OU25,Greece Super League,OVER25,0.07,2.0,,164,40.0,0.24390243902439024,0.5487804878048781,2.2871341463414634,3,3,0.03603448275862067
OU25,Greece Super League,TUTTI,0.09,2.0,2.5,145,34.93,0.24089655172413793,0.5586206896551724,2.2195862068965515,3,3,0.18410714285714289
OU25,Greece Super League,OVER25,0.09,1.35,2.5,169,39.379999999999995,0.2330177514792899,0.591715976331361,2.1014201183431953,3,3,0.0302325581395349
OU25,Greece Super League,OVER25,0.09,1.35,3.0,186,43.27999999999999,0.23268817204301068,0.5806451612903226,2.1511290322580647,3,3,0.03566037735849056
OU25,Greece Super League,OVER25,0.09,1.5,2.5,168,38.970000000000006,0.23196428571428576,0.5892857142857143,2.1055357142857143,3,3,0.0302325581395349
OU25,Greece Super League,OVER25,0.09,1.5,3.0,185,42.87,0.23172972972972972,0.5783783783783784,2.155135135135135,3,3,0.03566037735849056
OU25,Greece Super League,TUTTI,0.07,2.0,2.5,191,43.949999999999996,0.2301047120418848,0.5549738219895288,2.22,3,3,0.1567741935483871
OU25,Greece Super League,OVER25,0.09,1.65,3.0,179,40.96,0.2288268156424581,0.5698324022346368,2.174189944134078,3,3,0.03566037735849056
OU25,Greece Super League,OVER25,0.09,1.65,2.5,162,37.06,0.22876543209876546,0.5802469135802469,2.124753086419753,3,3,0.0302325581395349
OU25,Portugal Primeira Liga,OVER25,0.03,1.5,2.0,137,31.300000000000004,0.22846715328467157,0.6861313868613139,1.7956204379562044,3,3,0.05482758620689656
OU25,Greece Super League,OVER25,0.09,1.35,4.0,187,42.279999999999994,0.22609625668449196,0.5775401069518716,2.155989304812834,3,3,0.016481481481481475
OU25,Greece Super League,OVER25,0.09,1.35,,187,42.279999999999994,0.22609625668449196,0.5775401069518716,2.155989304812834,3,3,0.016481481481481475
OU25,Greece Super League,OVER25,0.09,1.8,3.0,167,37.62,0.2252694610778443,0.5568862275449101,2.206766467065868,3,3,0.07627450980392156
OU25,Greece Super League,OVER25,0.09,1.5,4.0,186,41.86999999999999,0.22510752688172037,0.5752688172043011,2.16,3,3,0.016481481481481475
OU25,Greece Super League,OVER25,0.09,1.5,,186,41.86999999999999,0.22510752688172037,0.5752688172043011,2.16,3,3,0.016481481481481475
OU25,Greece Super League,OVER25,0.09,1.8,2.5,150,33.72,0.2248,0.5666666666666667,2.1570666666666662,3,3,0.08048780487804875
OU25,Greece Super League,OVER25,0.09,1.65,4.0,180,39.959999999999994,0.22199999999999998,0.5666666666666667,2.179111111111111,3,3,0.016481481481481475
OU25,Greece Super League,OVER25,0.09,1.65,,180,39.959999999999994,0.22199999999999998,0.5666666666666667,2.179111111111111,3,3,0.016481481481481475
OU25,Greece Super League,OVER25,0.07,1.8,3.0,206,45.589999999999996,0.22131067961165046,0.558252427184466,2.1984466019417477,3,3,0.016349206349206325
OU25,Greece Super League,OVER25,0.07,1.8,2.5,189,41.69,0.22058201058201057,0.5661375661375662,2.158253968253968,3,3,0.008301886792452804
OU25,Greece Super League,OVER25,0.09,1.8,4.0,168,36.62,0.21797619047619046,0.5535714285714286,2.211845238095238,3,3,0.05557692307692304
OU25,Greece Super League,OVER25,0.09,1.8,,168,36.62,0.21797619047619046,0.5535714285714286,2.211845238095238,3,3,0.05557692307692304
OU25,Portugal Primeira Liga,OVER25,0.03,1.35,2.0,154,32.68,0.2122077922077922,0.6948051948051948,1.7544155844155844,3,3,0.0475
OU25,Greece Super League,OVER25,0.12,1.35,3.0,128,26.04,0.2034375,0.5625,2.155703125,3,3,0.02757575757575758
OU25,Greece Super League,OVER25,0.12,1.5,3.0,127,25.630000000000003,0.20181102362204725,0.5590551181102362,2.1615748031496067,3,3,0.02757575757575758
OU25,Greece Super League,OVER25,0.12,1.65,3.0,122,24.24,0.19868852459016392,0.5491803278688525,2.184590163934426,3,3,0.02757575757575758
OU25,Greece Super League,TUTTI,0.12,1.8,2.5,136,25.54,0.1877941176470588,0.5514705882352942,2.1451470588235293,3,3,0.08938775510204082
OU25,Greece Super League,TUTTI,0.05,2.0,2.5,238,42.51,0.17861344537815124,0.5336134453781513,2.209789915966387,3,3,0.14767123287671235
OU25,Greece Super League,TUTTI,0.12,1.35,2.5,151,26.799999999999997,0.17748344370860925,0.5629139072847682,2.09682119205298,3,3,0.08098039215686273
OU25,Greece Super League,TUTTI,0.12,1.5,2.5,150,26.39,0.17593333333333333,0.56,2.1014,3,3,0.08098039215686273
OU25,Greece Super League,OVER25,0.05,1.65,2.5,262,45.629999999999995,0.17416030534351143,0.5610687022900763,2.1126335877862594,3,3,0.05067567567567568
OU25,Greece Super League,TUTTI,0.09,2.0,3.0,176,30.36,0.1725,0.5170454545454546,2.298181818181818,3,3,0.12305084745762708
OU25,Greece Super League,OVER25,0.05,2.0,2.5,184,31.34,0.17032608695652174,0.5271739130434783,2.2179347826086957,3,3,0.09368421052631576
OU25,Greece Super League,TUTTI,0.12,1.65,2.5,144,24.419999999999998,0.1695833333333333,0.5486111111111112,2.1224305555555554,3,3,0.08098039215686273
OU25,Greece Super League,OVER25,0.05,1.35,2.5,275,46.62,0.16952727272727272,0.5672727272727273,2.0867272727272725,3,3,0.04355263157894735
OU25,Greece Super League,OVER25,0.05,1.65,3.0,281,47.53,0.16914590747330963,0.5516014234875445,2.148683274021353,3,3,0.03929411764705882
OU25,Greece Super League,OVER25,0.05,1.5,2.5,274,46.209999999999994,0.16864963503649633,0.5656934306569343,2.089197080291971,3,3,0.04355263157894735
OU25,Greece Super League,TUTTI,0.07,2.0,3.0,224,37.379999999999995,0.16687499999999997,0.5178571428571429,2.2845535714285714,3,3,0.06896103896103897
OU25,Greece Super League,OVER25,0.05,1.35,3.0,294,48.519999999999996,0.16503401360544218,0.5578231292517006,2.1228571428571423,3,3,0.03333333333333334
OU25,Greece Super League,OVER25,0.05,1.5,3.0,293,48.11,0.16419795221843003,0.5563139931740614,2.1252901023890782,3,3,0.03333333333333334
OU25,Greece Super League,OVER25,0.05,2.0,3.0,203,33.239999999999995,0.163743842364532,0.5172413793103449,2.2579802955665027,3,3,0.0725
OU25,Greece Super League,TUTTI,0.09,1.8,2.5,204,32.95,0.16151960784313726,0.5441176470588235,2.1270588235294117,3,3,0.054285714285714284
OU25,Greece Super League,TUTTI,0.07,1.8,2.5,263,42.39,0.1611787072243346,0.5437262357414449,2.133041825095057,3,3,0.03833333333333333
OU25,Greece Super League,OVER25,0.05,1.65,4.0,283,45.53,0.16088339222614842,0.5477031802120141,2.1557597173144876,3,3,0.015402298850574706
OU25,Greece Super League,OVER25,0.05,1.65,,283,45.53,0.16088339222614842,0.5477031802120141,2.1557597173144876,3,3,0.015402298850574706
OU25,Greece Super League,TUTTI,0.12,2.0,3.0,123,19.5,0.15853658536585366,0.5121951219512195,2.2973170731707313,3,3,0.14974999999999997
OU25,Greece Super League,OVER25,0.05,1.35,4.0,296,46.519999999999996,0.15716216216216214,0.5540540540540541,2.1297972972972974,3,3,0.010112359550561792
OU25,Greece Super League,OVER25,0.05,1.35,,296,46.519999999999996,0.15716216216216214,0.5540540540540541,2.1297972972972974,3,3,0.010112359550561792
OU25,Greece Super League,TUTTI,0.09,1.35,2.5,229,35.980000000000004,0.15711790393013103,0.5589519650655022,2.0772052401746723,3,3,0.051739130434782614
OU25,Greece Super League,OVER25,0.05,1.5,4.0,295,46.11,0.1563050847457627,0.5525423728813559,2.132237288135593,3,3,0.010112359550561792
OU25,Greece Super League,OVER25,0.05,1.5,,295,46.11,0.1563050847457627,0.5525423728813559,2.132237288135593,3,3,0.010112359550561792
OU25,Greece Super League,TUTTI,0.09,1.5,2.5,228,35.57,0.15600877192982457,0.5570175438596491,2.0801315789473684,3,3,0.051739130434782614
OU25,Greece Super League,OVER25,0.05,1.8,2.5,244,37.99,0.1556967213114754,0.5409836065573771,2.1416393442622947,3,3,0.07028169014084508
OU25,Greece Super League,TUTTI,0.09,1.65,2.5,220,34.08,0.1549090909090909,0.55,2.0982727272727275,3,3,0.043970588235294115
OU25,Greece Super League,TUTTI,0.09,2.0,4.0,179,27.36,0.15284916201117318,0.5083798882681564,2.3158100558659216,3,3,0.10433333333333333
OU25,Greece Super League,OVER25,0.05,2.0,4.0,205,31.24,0.15239024390243902,0.5121951219512195,2.2666829268292683,3,3,0.04185714285714284
OU25,Greece Super League,OVER25,0.05,2.0,,205,31.24,0.15239024390243902,0.5121951219512195,2.2666829268292683,3,3,0.04185714285714284
OU25,Greece Super League,OVER25,0.05,1.8,3.0,263,39.88999999999999,0.15167300380228135,0.532319391634981,2.178060836501901,3,3,0.055853658536585346
OU25,Greece Super League,TUTTI,0.09,2.0,,180,26.359999999999996,0.14644444444444443,0.5055555555555555,2.3330555555555557,3,3,0.10433333333333333
OU25,Greece Super League,TUTTI,0.07,2.0,4.0,228,33.379999999999995,0.1464035087719298,0.5087719298245614,2.3027631578947365,3,3,0.04189873417721519
OU25,Greece Super League,TUTTI,0.03,2.0,2.5,277,40.44,0.1459927797833935,0.51985559566787,2.209927797833935,3,3,0.11862745098039214
OU25,Greece Super League,OVER25,0.05,1.8,4.0,265,37.89,0.1429811320754717,0.5283018867924528,2.185396226415094,3,3,0.030714285714285694
OU25,Greece Super League,OVER25,0.05,1.8,,265,37.89,0.1429811320754717,0.5283018867924528,2.185396226415094,3,3,0.030714285714285694
OU25,Greece Super League,TUTTI,0.07,2.0,,229,32.379999999999995,0.14139737991266374,0.5065502183406113,2.3163755458515287,3,3,0.04189873417721519
OU25,Greece Super League,OVER25,0.03,2.0,3.0,234,32.53,0.13901709401709403,0.5042735042735043,2.264145299145299,3,3,0.08975903614457832
OU25,Greece Super League,TUTTI,0.05,1.65,2.5,377,52.36999999999999,0.1389124668435013,0.5517241379310345,2.07631299734748,3,3,0.022213114754098352
OU25,Greece Super League,TUTTI,0.05,1.8,2.5,335,46.3,0.13820895522388058,0.5373134328358209,2.120328358208955,3,3,0.08327102803738319
OU25,Greece Super League,OVER25,0.03,2.0,2.5,209,28.25,0.13516746411483255,0.5119617224880383,2.2158851674641147,3,3,0.08303030303030301
OU25,Greece Super League,TUTTI,0.12,2.0,4.0,126,16.5,0.13095238095238096,0.5,2.3223809523809518,3,3,0.12170731707317069
OU25,Greece Super League,OVER25,0.03,2.0,4.0,236,30.529999999999998,0.12936440677966102,0.5,2.2716525423728813,3,3,0.06411764705882354
OU25,Greece Super League,OVER25,0.03,2.0,,236,30.529999999999998,0.12936440677966102,0.5,2.2716525423728813,3,3,0.06411764705882354
OU25,Greece Super League,TUTTI,0.12,1.8,3.0,157,19.919999999999998,0.12687898089171973,0.5159235668789809,2.2129299363057324,3,3,0.026538461538461535
OU25,Turkey Super Lig,UNDER25,0.03,1.65,2.0,136,17.220000000000002,0.12661764705882356,0.6029411764705882,1.8749264705882354,3,3,0.03229508196721311
OU25,England National League,OVER25,0.05,1.65,2.2,130,16.09,0.12376923076923077,0.5923076923076923,1.9115384615384616,3,3,0.02137931034482753
OU25,Greece Super League,TUTTI,0.12,1.35,3.0,172,21.179999999999996,0.12313953488372091,0.5290697674418605,2.164593023255814,3,3,0.020925925925925924
OU25,Greece Super League,TUTTI,0.12,2.0,,127,15.5,0.1220472440944882,0.49606299212598426,2.346771653543307,3,3,0.11208333333333335
OU25,Greece Super League,TUTTI,0.05,1.35,2.5,405,49.260000000000005,0.12162962962962964,0.5530864197530864,2.0410370370370368,3,3,0.007615384615384597
OU25,Greece Super League,TUTTI,0.12,1.5,3.0,171,20.769999999999996,0.12146198830409355,0.5263157894736842,2.1690058479532164,3,3,0.020925925925925924
OU25,Greece Super League,TUTTI,0.09,1.35,3.0,260,31.41,0.12080769230769231,0.5307692307692308,2.147384615384615,3,3,0.014146341463414619
OU25,Greece Super League,TUTTI,0.09,1.8,3.0,235,28.379999999999992,0.12076595744680847,0.5148936170212766,2.198127659574468,3,3,0.03506172839506174
OU25,Greece Super League,OVER25,0.03,1.65,3.0,325,39.16,0.12049230769230768,0.5261538461538462,2.152553846153846,3,3,0.03784313725490192
OU25,Greece Super League,TUTTI,0.05,2.0,3.0,274,32.93999999999999,0.12021897810218975,0.5,2.2693795620437953,3,3,0.08097826086956521
OU25,Greece Super League,TUTTI,0.05,1.5,2.5,403,48.36,0.12,0.5508684863523573,2.0439702233250623,3,3,0.007615384615384597
OU25,Greece Super League,TUTTI,0.09,1.5,3.0,259,31.0,0.11969111969111969,0.528957528957529,2.1502316602316607,3,3,0.014146341463414619
OU25,Greece Super League,TUTTI,0.09,1.65,3.0,251,29.510000000000005,0.11756972111553787,0.5219123505976095,2.1683665338645417,3,3,0.007160493827160467
OU25,Greece Super League,OVER25,0.05,1.65,2.2,163,19.129999999999995,0.11736196319018402,0.5705521472392638,1.9836809815950918,3,3,0.06333333333333332
OU25,Greece Super League,OVER25,0.03,1.65,2.5,300,34.879999999999995,0.11626666666666666,0.5333333333333333,2.109633333333333,3,3,0.02223529411764703
OU25,Greece Super League,OVER25,0.05,1.35,2.2,176,20.119999999999994,0.11431818181818178,0.5795454545454546,1.9527272727272729,3,3,0.048421052631578955
OU25,Greece Super League,TUTTI,0.12,1.65,3.0,165,18.799999999999997,0.11393939393939392,0.5151515151515151,2.189818181818182,3,3,0.020925925925925924
OU25,Greece Super League,OVER25,0.03,1.65,4.0,327,37.16,0.11363914373088684,0.5229357798165137,2.158654434250764,3,3,0.017884615384615363
OU25,Greece Super League,OVER25,0.03,1.65,,327,37.16,0.11363914373088684,0.5229357798165137,2.158654434250764,3,3,0.017884615384615363
OU25,Greece Super League,OVER25,0.05,1.5,2.2,175,19.709999999999997,0.11262857142857141,0.5771428571428572,1.9558285714285712,3,3,0.048421052631578955
OU25,Greece Super League,OVER25,0.03,1.5,3.0,342,37.86,0.11070175438596491,0.5292397660818714,2.1241520467836255,3,3,0.03288461538461537
OU25,Turkey Super Lig,UNDER25,0.03,1.35,2.0,138,15.219999999999999,0.11028985507246376,0.5942028985507246,1.871086956521739,3,3,0.01564516129032258
OU25,Turkey Super Lig,UNDER25,0.03,1.5,2.0,138,15.219999999999999,0.11028985507246376,0.5942028985507246,1.871086956521739,3,3,0.01564516129032258
OU25,Scotland League One,TUTTI,0.12,1.35,2.5,130,14.259999999999998,0.10969230769230767,0.5615384615384615,2.0135384615384613,3,3,0.070625
OU25,Greece Super League,OVER25,0.03,1.35,3.0,344,37.269999999999996,0.10834302325581394,0.5290697674418605,2.1201453488372093,3,3,0.023047619047619046
OU25,Greece Super League,TUTTI,0.09,1.35,4.0,263,28.410000000000004,0.10802281368821294,0.5247148288973384,2.161102661596958,3,3,0.001927710843373469
OU25,Scotland League One,TUTTI,0.12,1.5,2.5,129,13.82,0.10713178294573644,0.5581395348837209,2.0179844961240314,3,3,0.070625
OU25,Greece Super League,TUTTI,0.09,1.5,4.0,262,28.000000000000004,0.1068702290076336,0.5229007633587787,2.1639694656488553,3,3,0.001927710843373469
OU25,Greece Super League,TUTTI,0.09,1.8,4.0,238,25.38,0.10663865546218487,0.5084033613445378,2.2126470588235296,3,3,0.022439024390243895
OU25,Greece Super League,OVER25,0.03,1.5,2.5,317,33.58,0.10593059936908517,0.5362776025236593,2.081293375394322,3,3,0.01666666666666665
OU25,Greece Super League,TUTTI,0.12,1.8,4.0,160,16.919999999999998,0.10574999999999998,0.50625,2.2342500000000003,3,3,0.007169811320754715
OU25,Greece Super League,OVER25,0.03,1.5,4.0,344,35.86,0.10424418604651163,0.5261627906976745,2.1301162790697674,3,3,0.013396226415094331
OU25,Greece Super League,OVER25,0.03,1.5,,344,35.86,0.10424418604651163,0.5261627906976745,2.1301162790697674,3,3,0.013396226415094331
OU25,Greece Super League,TUTTI,0.05,2.0,4.0,278,28.939999999999998,0.10410071942446042,0.49280575539568344,2.2845323741007193,3,3,0.05797872340425531
OU25,Greece Super League,TUTTI,0.12,1.35,4.0,175,18.18,0.10388571428571429,0.52,2.1849142857142856,3,3,0.0023636363636363616
OU25,Greece Super League,TUTTI,0.09,1.35,,264,27.41,0.10382575757575757,0.5227272727272727,2.1734469696969696,3,3,0.001927710843373469
OU25,Greece Super League,OVER25,0.03,1.35,2.5,319,32.989999999999995,0.1034169278996865,0.5360501567398119,2.077241379310345,3,3,0.005113636363636345
OU25,Portugal Primeira Liga,TUTTI,0.03,1.65,2.0,239,24.700000000000003,0.10334728033472805,0.606694560669456,1.832050209205021,3,3,0.00461538461538463
OU25,Greece Super League,TUTTI,0.09,1.5,,263,27.0,0.10266159695817491,0.5209125475285171,2.1763498098859317,3,3,0.001927710843373469
OU25,Greece Super League,OVER25,0.03,1.8,3.0,304,31.08,0.10223684210526315,0.506578947368421,2.1823355263157893,3,3,0.051515151515151486
OU25,Greece Super League,TUTTI,0.12,1.5,4.0,174,17.769999999999996,0.10212643678160917,0.5172413793103449,2.189367816091954,3,3,0.0023636363636363616
OU25,Greece Super League,TUTTI,0.09,1.8,,239,24.379999999999992,0.10200836820083678,0.5062761506276151,2.2260669456066946,3,3,0.022439024390243895
OU25,Greece Super League,OVER25,0.03,1.35,4.0,346,35.269999999999996,0.10193641618497108,0.5260115606936416,2.1260982658959535,3,3,0.003925233644859821
OU25,Greece Super League,OVER25,0.03,1.35,,346,35.269999999999996,0.10193641618497108,0.5260115606936416,2.1260982658959535,3,3,0.003925233644859821
OU25,Scotland League One,TUTTI,0.12,1.65,2.5,124,12.510000000000003,0.10088709677419358,0.5483870967741935,2.035241935483871,3,3,0.05893617021276593
OU25,Greece Super League,TUTTI,0.05,2.0,,279,27.939999999999998,0.10014336917562723,0.4910394265232975,2.2957706093189962,3,3,0.05797872340425531
OU25,Greece Super League,TUTTI,0.05,1.8,3.0,371,36.73,0.09900269541778975,0.5121293800539084,2.173018867924528,3,3,0.02845528455284552
OU25,Greece Super League,TUTTI,0.12,1.8,,161,15.92,0.09888198757763975,0.5031055900621118,2.2540372670807454,3,3,0.007169811320754715
OU25,England National League,OVER25,0.05,1.35,2.2,149,14.579999999999998,0.09785234899328858,0.5906040268456376,1.8693288590604025,3,3,0.008823529411764694
OU25,Greece Super League,TUTTI,0.12,1.35,,176,17.179999999999996,0.09761363636363635,0.5170454545454546,2.2032954545454544,3,3,0.0023636363636363616
OU25,Greece Super League,TUTTI,0.03,2.0,3.0,321,31.25,0.09735202492211838,0.48909657320872274,2.2750778816199375,3,3,0.08111111111111106
OU25,Greece Super League,OVER25,0.03,1.8,2.5,279,26.799999999999997,0.09605734767025088,0.5125448028673835,2.138853046594982,3,3,0.03817073170731707
OU25,Greece Super League,TUTTI,0.12,1.5,,175,16.769999999999996,0.0958285714285714,0.5142857142857142,2.2078285714285713,3,3,0.0023636363636363616
OU25,Germany 2. Bundesliga,TUTTI,0.12,2.0,2.5,152,14.540000000000003,0.09565789473684212,0.48026315789473684,2.278815789473684,3,3,0.04999999999999998
OU25,Italy Serie A,UNDER25,0.09,1.65,4.0,144,13.759999999999998,0.09555555555555555,0.4930555555555556,2.233333333333333,3,3,0.036000000000000004
OU25,Italy Serie A,UNDER25,0.09,1.35,4.0,147,14.009999999999998,0.09530612244897958,0.4965986394557823,2.220544217687075,3,3,0.036000000000000004
OU25,Italy Serie A,UNDER25,0.09,1.5,4.0,147,14.009999999999998,0.09530612244897958,0.4965986394557823,2.220544217687075,3,3,0.036000000000000004
OU25,Greece Super League,OVER25,0.03,1.8,4.0,306,29.080000000000002,0.0950326797385621,0.5032679738562091,2.1886601307189544,3,3,0.03069306930693069
OU25,Greece Super League,OVER25,0.03,1.8,,306,29.080000000000002,0.0950326797385621,0.5032679738562091,2.1886601307189544,3,3,0.03069306930693069
OU25,Greece Super League,TUTTI,0.12,1.65,4.0,168,15.799999999999997,0.09404761904761903,0.5059523809523809,2.2105357142857143,3,3,0.0023636363636363616
OU25,England National League,OVER25,0.05,1.65,2.5,151,13.759999999999998,0.09112582781456953,0.5629139072847682,1.9688079470198674,3,3,0.06799999999999994
OU25,England National League,OVER25,0.05,1.65,3.0,151,13.759999999999998,0.09112582781456953,0.5629139072847682,1.9688079470198674,3,3,0.06799999999999994
OU25,England National League,OVER25,0.05,1.65,4.0,151,13.759999999999998,0.09112582781456953,0.5629139072847682,1.9688079470198674,3,3,0.06799999999999994
OU25,England National League,OVER25,0.05,1.65,,151,13.759999999999998,0.09112582781456953,0.5629139072847682,1.9688079470198674,3,3,0.06799999999999994
OU25,Germany 2. Bundesliga,UNDER25,0.12,2.0,2.5,151,13.340000000000002,0.08834437086092717,0.4768211920529801,2.2793377483443704,3,3,0.04999999999999998
OU25,Italy Serie A,UNDER25,0.09,1.65,,145,12.759999999999998,0.08799999999999998,0.4896551724137931,2.247448275862069,3,3,0.013478260869565219
OU25,Italy Serie A,UNDER25,0.09,1.35,,148,13.009999999999998,0.0879054054054054,0.49324324324324326,2.2344594594594596,3,3,0.013478260869565219
OU25,Italy Serie A,UNDER25,0.09,1.5,,148,13.009999999999998,0.0879054054054054,0.49324324324324326,2.2344594594594596,3,3,0.013478260869565219
OU25,Greece Super League,TUTTI,0.12,1.65,,169,14.799999999999997,0.0875739644970414,0.5029585798816568,2.229526627218935,3,3,0.0023636363636363616
OU25,Greece Super League,TUTTI,0.05,1.8,4.0,375,32.73,0.08728,0.5066666666666667,2.1852799999999997,3,3,0.011999999999999986
OU25,Germany 2. Bundesliga,TUTTI,0.12,1.8,2.5,162,14.06,0.08679012345679013,0.48148148148148145,2.255864197530864,3,3,0.029411764705882346
OU25,Greece Super League,TUTTI,0.03,1.8,2.5,394,33.5,0.0850253807106599,0.5126903553299492,2.1179187817258884,3,3,0.0645890410958904
OU25,Greece Super League,TUTTI,0.05,1.8,,376,31.730000000000004,0.08438829787234044,0.5053191489361702,2.193882978723404,3,3,0.011999999999999986
OU25,Italy Serie A,UNDER25,0.09,1.8,4.0,133,10.859999999999996,0.08165413533834584,0.47368421052631576,2.274962406015038,3,3,0.021363636363636373
OU25,Greece Super League,TUTTI,0.03,2.0,4.0,326,26.249999999999996,0.08052147239263803,0.4815950920245399,2.2904601226993866,3,3,0.07119266055045873
OU25,Germany 2. Bundesliga,TUTTI,0.12,1.35,2.5,163,13.060000000000002,0.08012269938650309,0.4785276073619632,2.2525153374233127,3,3,0.009615384615384607
OU25,Germany 2. Bundesliga,TUTTI,0.12,1.5,2.5,163,13.060000000000002,0.08012269938650309,0.4785276073619632,2.2525153374233127,3,3,0.009615384615384607
OU25,Germany 2. Bundesliga,TUTTI,0.12,1.65,2.5,163,13.060000000000002,0.08012269938650309,0.4785276073619632,2.2525153374233127,3,3,0.009615384615384607
OU25,England National League,OVER25,0.05,1.5,2.5,166,13.3,0.08012048192771085,0.5662650602409639,1.9363253012048194,3,3,0.03676470588235294
OU25,England National League,OVER25,0.05,1.5,3.0,166,13.3,0.08012048192771085,0.5662650602409639,1.9363253012048194,3,3,0.03676470588235294
OU25,England National League,OVER25,0.05,1.5,4.0,166,13.3,0.08012048192771085,0.5662650602409639,1.9363253012048194,3,3,0.03676470588235294
OU25,England National League,OVER25,0.05,1.5,,166,13.3,0.08012048192771085,0.5662650602409639,1.9363253012048194,3,3,0.03676470588235294
OU25,Greece Super League,OVER25,0.05,1.8,2.2,145,11.489999999999995,0.07924137931034479,0.5379310344827586,2.0164827586206897,3,3,0.02718750000000001
OU25,Greece Super League,TUTTI,0.03,2.0,,327,25.25,0.077217125382263,0.4801223241590214,2.300030581039755,3,3,0.06682242990654207
OU25,Germany 2. Bundesliga,UNDER25,0.12,1.35,2.5,160,11.96,0.07475000000000001,0.475,2.2584375000000003,3,3,0.029411764705882346
OU25,Germany 2. Bundesliga,UNDER25,0.12,1.5,2.5,160,11.96,0.07475000000000001,0.475,2.2584375000000003,3,3,0.029411764705882346
OU25,Germany 2. Bundesliga,UNDER25,0.12,1.65,2.5,160,11.96,0.07475000000000001,0.475,2.2584375000000003,3,3,0.029411764705882346
OU25,Germany 2. Bundesliga,UNDER25,0.12,1.8,2.5,160,11.96,0.07475000000000001,0.475,2.2584375000000003,3,3,0.029411764705882346
OU25,Italy Serie A,UNDER25,0.09,1.35,3.0,141,10.51,0.07453900709219859,0.49645390070921985,2.1754609929078015,3,3,0.012325581395348832
OU25,Italy Serie A,UNDER25,0.09,1.5,3.0,141,10.51,0.07453900709219859,0.49645390070921985,2.1754609929078015,3,3,0.012325581395348832
OU25,Italy Serie A,UNDER25,0.09,1.65,3.0,138,10.260000000000002,0.07434782608695653,0.4927536231884058,2.187826086956522,3,3,0.012325581395348832
OU25,England National League,OVER25,0.05,1.35,2.5,170,12.249999999999998,0.07205882352941176,0.5647058823529412,1.9254117647058824,3,3,0.049142857142857134
OU25,England National League,OVER25,0.05,1.35,3.0,170,12.249999999999998,0.07205882352941176,0.5647058823529412,1.9254117647058824,3,3,0.049142857142857134
OU25,England National League,OVER25,0.05,1.35,4.0,170,12.249999999999998,0.07205882352941176,0.5647058823529412,1.9254117647058824,3,3,0.049142857142857134
OU25,England National League,OVER25,0.05,1.35,,170,12.249999999999998,0.07205882352941176,0.5647058823529412,1.9254117647058824,3,3,0.049142857142857134
OU25,Greece Super League,TUTTI,0.03,1.65,2.5,452,32.08,0.07097345132743363,0.5199115044247787,2.067433628318584,3,3,0.008125
OU25,Germany 2. Bundesliga,TUTTI,0.09,2.0,2.5,258,18.13,0.07027131782945736,0.4728682170542636,2.2629457364341086,3,3,0.03819047619047617
OU25,Germany 2. Bundesliga,UNDER25,0.09,2.0,2.5,257,16.93,0.06587548638132296,0.4708171206225681,2.2631906614785993,3,3,0.03819047619047617
OU25,Netherlands Eredivisie,UNDER25,0.05,1.8,2.2,180,11.5,0.06388888888888888,0.5222222222222223,2.0445555555555552,3,3,0.03749999999999999
OU25,Netherlands Eredivisie,TUTTI,0.05,1.8,2.2,222,13.769999999999992,0.06202702702702699,0.527027027027027,2.023513513513514,3,3,0.04911764705882353
OU25,Netherlands Eredivisie,UNDER25,0.03,1.8,2.2,202,11.850000000000001,0.058663366336633674,0.5198019801980198,2.044009900990099,3,3,0.0013333333333333272
OU25,Germany 2. Bundesliga,TUTTI,0.09,1.8,2.5,281,15.93,0.05669039145907473,0.47330960854092524,2.2329537366548045,3,3,0.022068965517241353
OU25,Greece Super League,TUTTI,0.03,1.8,3.0,438,24.309999999999995,0.05550228310502282,0.4908675799086758,2.1749086757990868,3,3,0.0400657894736842
OU25,Greece Super League,TUTTI,0.03,1.5,2.5,490,27.039999999999992,0.05518367346938774,0.5224489795918368,2.0291632653061225,3,3,0.006838709677419358
OU25,Greece Super League,TUTTI,0.03,1.35,2.5,493,26.939999999999994,0.05464503042596348,0.5233265720081136,2.025659229208925,3,3,0.00038461538461537074
OU25,Turkey Super Lig,UNDER25,0.03,1.65,2.2,247,12.950000000000001,0.05242914979757086,0.5384615384615384,1.9756275303643724,3,3,0.02614583333333333
OU25,Netherlands Eredivisie,TUTTI,0.03,1.65,2.2,309,15.689999999999998,0.0507766990291262,0.5372168284789643,1.973980582524272,3,3,0.02445783132530122
OU25,Portugal Primeira Liga,TUTTI,0.03,1.8,2.0,154,7.680000000000004,0.0498701298701299,0.5584415584415584,1.8912987012987017,3,3,0.01945945945945946
OU25,Netherlands Eredivisie,UNDER25,0.03,1.65,2.2,209,10.080000000000002,0.048229665071770345,0.5167464114832536,2.0342583732057418,3,3,0.012950819672131148
OU25,Netherlands Eredivisie,UNDER25,0.05,1.65,2.2,186,8.94,0.04806451612903226,0.5161290322580645,2.03494623655914,3,3,0.03746268656716418
OU25,Germany 2. Bundesliga,TUTTI,0.09,1.65,2.5,285,13.61,0.04775438596491228,0.47017543859649125,2.2257894736842103,3,3,0.022068965517241353
OU25,Netherlands Eredivisie,UNDER25,0.03,1.35,2.2,211,9.72,0.046066350710900476,0.5165876777251185,2.0303317535545022,3,3,0.012950819672131148
OU25,Netherlands Eredivisie,UNDER25,0.03,1.5,2.2,211,9.72,0.046066350710900476,0.5165876777251185,2.0303317535545022,3,3,0.012950819672131148
OU25,Netherlands Eredivisie,TUTTI,0.03,1.8,2.2,261,11.969999999999997,0.04586206896551723,0.5210727969348659,2.0199233716475096,3,3,0.024938271604938268
OU25,Netherlands Eredivisie,UNDER25,0.05,1.35,2.2,188,8.579999999999998,0.045638297872340416,0.5159574468085106,2.030531914893617,3,3,0.03746268656716418
OU25,Netherlands Eredivisie,UNDER25,0.05,1.5,2.2,188,8.579999999999998,0.045638297872340416,0.5159574468085106,2.030531914893617,3,3,0.03746268656716418
OU25,Turkey Super Lig,UNDER25,0.03,1.35,2.2,249,10.950000000000001,0.043975903614457836,0.5341365461847389,1.972690763052209,3,3,0.015567010309278357
OU25,Turkey Super Lig,UNDER25,0.03,1.5,2.2,249,10.950000000000001,0.043975903614457836,0.5341365461847389,1.972690763052209,3,3,0.015567010309278357
OU25,Greece Super League,TUTTI,0.03,1.8,4.0,443,19.31,0.043589164785553046,0.4853273137697517,2.1873589164785554,3,3,0.033267973856209145
OU25,Scotland League One,TUTTI,0.07,1.35,2.2,195,8.329999999999997,0.0427179487179487,0.5538461538461539,1.9034358974358976,3,3,0.012173913043478224
OU25,Germany 2. Bundesliga,TUTTI,0.09,1.35,2.5,288,12.209999999999997,0.04239583333333333,0.46875,2.218993055555556,3,3,0.022068965517241353
OU25,Germany 2. Bundesliga,TUTTI,0.09,1.5,2.5,288,12.209999999999997,0.04239583333333333,0.46875,2.218993055555556,3,3,0.022068965517241353
OU25,Greece Super League,TUTTI,0.03,1.8,,444,18.309999999999995,0.04123873873873873,0.48423423423423423,2.1946396396396395,3,3,0.033267973856209145
OU25,Germany 2. Bundesliga,UNDER25,0.09,1.35,2.5,274,11.280000000000001,0.041167883211678837,0.4635036496350365,2.2406204379562045,3,3,0.0057894736842105275
OU25,Germany 2. Bundesliga,UNDER25,0.09,1.5,2.5,274,11.280000000000001,0.041167883211678837,0.4635036496350365,2.2406204379562045,3,3,0.0057894736842105275
OU25,Germany 2. Bundesliga,UNDER25,0.09,1.65,2.5,274,11.280000000000001,0.041167883211678837,0.4635036496350365,2.2406204379562045,3,3,0.0057894736842105275
OU25,Germany 2. Bundesliga,UNDER25,0.09,1.8,2.5,274,11.280000000000001,0.041167883211678837,0.4635036496350365,2.2406204379562045,3,3,0.0057894736842105275
OU25,Scotland League One,TUTTI,0.07,1.5,2.2,194,7.889999999999998,0.040670103092783495,0.5515463917525774,1.9058247422680414,3,3,0.0026666666666666544
OU25,Italy Serie A,UNDER25,0.07,2.0,4.0,142,5.699999999999999,0.04014084507042253,0.44366197183098594,2.32887323943662,3,3,0.014545454545454542
OU25,Turkey Super Lig,TUTTI,0.03,1.65,2.0,233,9.32,0.04,0.5579399141630901,1.8693562231759655,3,3,0.03363636363636364
OU25,Netherlands Eredivisie,TUTTI,0.05,1.65,2.2,255,9.91,0.03886274509803921,0.5254901960784314,1.9836862745098038,3,3,0.0026027397260273903
OU25,Netherlands Eredivisie,TUTTI,0.07,1.8,2.2,190,7.039999999999999,0.037052631578947365,0.5157894736842106,2.023789473684211,3,3,0.0026984126984126973
OU25,Scotland League One,TUTTI,0.09,1.35,2.2,152,5.28,0.034736842105263156,0.5460526315789473,1.9132236842105264,3,3,0.0005263157894736438
OU25,Scotland League One,TUTTI,0.09,1.35,2.5,190,6.54,0.03442105263157895,0.5263157894736842,1.9943684210526316,3,3,0.0059016393442623
OU25,Italy Serie B,OVER25,0.03,1.35,4.0,708,13.550000000000004,0.01913841807909605,0.4562146892655367,2.2450564971751414,3,3,0.005811965811965819
OU25,Italy Serie B,OVER25,0.03,1.35,,708,13.550000000000004,0.01913841807909605,0.4562146892655367,2.2450564971751414,3,3,0.005811965811965819
OU25,Italy Serie B,OVER25,0.03,1.5,4.0,708,13.550000000000004,0.01913841807909605,0.4562146892655367,2.2450564971751414,3,3,0.005811965811965819
OU25,Italy Serie B,OVER25,0.03,1.5,,708,13.550000000000004,0.01913841807909605,0.4562146892655367,2.2450564971751414,3,3,0.005811965811965819
OU25,Italy Serie B,OVER25,0.03,1.65,4.0,708,13.550000000000004,0.01913841807909605,0.4562146892655367,2.2450564971751414,3,3,0.005811965811965819
OU25,Italy Serie B,OVER25,0.03,1.65,,708,13.550000000000004,0.01913841807909605,0.4562146892655367,2.2450564971751414,3,3,0.005811965811965819
OU25,Italy Serie B,OVER25,0.03,1.8,4.0,696,11.600000000000001,0.01666666666666667,0.4525862068965517,2.25375,3,3,0.008326693227091633
OU25,Italy Serie B,OVER25,0.03,1.8,,696,11.600000000000001,0.01666666666666667,0.4525862068965517,2.25375,3,3,0.008326693227091633
OU25,Italy Serie B,OVER25,0.03,1.35,3.0,705,10.14,0.014382978723404256,0.4553191489361702,2.2412482269503546,3,3,0.005811965811965819
OU25,Italy Serie B,OVER25,0.03,1.5,3.0,705,10.14,0.014382978723404256,0.4553191489361702,2.2412482269503546,3,3,0.005811965811965819
OU25,Italy Serie B,OVER25,0.03,1.65,3.0,705,10.14,0.014382978723404256,0.4553191489361702,2.2412482269503546,3,3,0.005811965811965819
OU25,Italy Serie B,OVER25,0.03,1.8,3.0,693,8.189999999999998,0.011818181818181814,0.45165945165945165,2.24991341991342,3,3,0.008326693227091633
OU25,Scotland Championship,TUTTI,0.03,1.8,2.2,238,0.5299999999999967,0.002226890756302507,0.5042016806722689,1.9897899159663868,3,3,0.0008421052631578792
